id,bookingCode,containerNumber,dropoffDate,shippingDate,shippingLineId,createdAt,createdById,updatedAt,updatedById,deletedAt,deletedById
ed07d06a-5081-44ac-beb4-9708e7614ed3,MOB0139841,CGMU6927744,1696118400000,1696723200000,f506971d-8714-41c4-bde4-4ebb03756413,1695812231340,563748b6-6df2-4990-aa54-d574de5546a2,1696845941809,563748b6-6df2-4990-aa54-d574de5546a2,,
94e26a92-a9be-4e73-9432-47d51977795a,DFG week 45,DFG wk 45,1699142400000,1699574400000,7558a36f-6210-4e34-a227-80aac0f2ecfd,1698494959529,563748b6-6df2-4990-aa54-d574de5546a2,1698494959529,563748b6-6df2-4990-aa54-d574de5546a2,,
88950382-ee0b-48ed-8c46-6bcbc12fa17b,MOB0139953,CGMU6916544,1696723200000,1697328000000,f506971d-8714-41c4-bde4-4ebb03756413,1696526080219,563748b6-6df2-4990-aa54-d574de5546a2,1697021606574,563748b6-6df2-4990-aa54-d574de5546a2,,
8c18a643-ecff-456a-8d89-5b7ccfa30f97,DFG week 49,DFG wk 49,1701561600000,1701993600000,96e1b0e5-975b-4c65-8846-d9745cfc29ee,1700847437828,563748b6-6df2-4990-aa54-d574de5546a2,1700847437828,563748b6-6df2-4990-aa54-d574de5546a2,,
3392cf0c-22cf-420d-b4e8-0f4f8a38064a,MOB0139962,CGMU6923712,1696982400000,1697328000000,f506971d-8714-41c4-bde4-4ebb03756413,1696526420402,563748b6-6df2-4990-aa54-d574de5546a2,1697021634630,563748b6-6df2-4990-aa54-d574de5546a2,,
60e3b77f-5b02-46a6-a8e4-6d4ff54879e4,Fresco ETD 10.07,week 27,1688515200000,1688947200000,f506971d-8714-41c4-bde4-4ebb03756413,1688379331619,563748b6-6df2-4990-aa54-d574de5546a2,1688379414668,563748b6-6df2-4990-aa54-d574de5546a2,,
cf74003e-223b-4b6e-9290-97680b002bf5,MOB0139975,CGMU6925649,1696982400000,1697328000000,f506971d-8714-41c4-bde4-4ebb03756413,1696528247046,563748b6-6df2-4990-aa54-d574de5546a2,1697021660496,563748b6-6df2-4990-aa54-d574de5546a2,,
fbd206e8-3f6b-4f6d-8e4c-c8bef574021f,MOB0139423 ,CGMU6914048,1694563200000,1694908800000,f506971d-8714-41c4-bde4-4ebb03756413,1694253244480,563748b6-6df2-4990-aa54-d574de5546a2,1698651433547,a0463e4c-2adb-4488-aac3-66bcf22ff32d,,
a52e2e5c-e1c4-4ec4-89b0-0780cb0c7c95,Chrysal Test,CGMU6914048,1699401600000,1699574400000,7558a36f-6210-4e34-a227-80aac0f2ecfd,1695882856403,a0463e4c-2adb-4488-aac3-66bcf22ff32d,1698651455613,a0463e4c-2adb-4488-aac3-66bcf22ff32d,,
07896acf-38b2-45fb-94ec-fcaa85b1efd3,MOB0139957,CGMU6908718,1696809600000,1697328000000,f506971d-8714-41c4-bde4-4ebb03756413,1696528345070,563748b6-6df2-4990-aa54-d574de5546a2,1697021717978,563748b6-6df2-4990-aa54-d574de5546a2,,
72033f2f-123d-41c3-85c5-3ef6a45d377f,FGO week 43,FGO wk 43,1697846400000,1698364800000,44483950-583a-4ed6-ab2a-728eef617106,1697554498174,563748b6-6df2-4990-aa54-d574de5546a2,1698754019250,a0463e4c-2adb-4488-aac3-66bcf22ff32d,,
2a7abb33-530b-4ede-8df4-12832ce4e32c,DFG week 27,DFG wk 27 ----,1688688000000,1689206400000,96e1b0e5-975b-4c65-8846-d9745cfc29ee,1688379056689,563748b6-6df2-4990-aa54-d574de5546a2,1688921728220,563748b6-6df2-4990-aa54-d574de5546a2,,
cead894b-f2c8-4d40-bcb6-6cc93812fa1b,DFG week 28,DFG wk 28,1689379200000,1689724800000,7558a36f-6210-4e34-a227-80aac0f2ecfd,1688987476267,563748b6-6df2-4990-aa54-d574de5546a2,1688987476267,563748b6-6df2-4990-aa54-d574de5546a2,,
59e2799a-6db5-4e2c-b5c2-e759a8bce82d,FGO week 42,FGO wk 42,1697328000000,1697760000000,44483950-583a-4ed6-ab2a-728eef617106,1697111490691,563748b6-6df2-4990-aa54-d574de5546a2,1698754027440,a0463e4c-2adb-4488-aac3-66bcf22ff32d,,
8eab5d79-8839-46ae-99e6-f5ca171cd566,DFG week 34,DFG wek 34,1692921600000,1693267200000,7558a36f-6210-4e34-a227-80aac0f2ecfd,1692604017549,563748b6-6df2-4990-aa54-d574de5546a2,1692604017549,563748b6-6df2-4990-aa54-d574de5546a2,,
e16cc146-1221-410b-90d4-0bce4a77e931,DFG week 35,DFG wk 35,1693180800000,1693440000000,7558a36f-6210-4e34-a227-80aac0f2ecfd,1693053134404,563748b6-6df2-4990-aa54-d574de5546a2,1693053145552,563748b6-6df2-4990-aa54-d574de5546a2,,
acbcd317-0f89-485b-8a53-2aa1a4d03b69,DFG week 36,DFG wk 36,1694131200000,1694304000000,7558a36f-6210-4e34-a227-80aac0f2ecfd,1693809070989,563748b6-6df2-4990-aa54-d574de5546a2,1693809070989,563748b6-6df2-4990-aa54-d574de5546a2,,
c0654635-d686-41c8-8844-fb5b8675a6f4,DFG week 43,DFG wk 43,1697932800000,1698364800000,7558a36f-6210-4e34-a227-80aac0f2ecfd,1697201810978,563748b6-6df2-4990-aa54-d574de5546a2,1697201810978,563748b6-6df2-4990-aa54-d574de5546a2,,
1700f0fa-c1a8-4010-bc7e-b7ecd46d58c6,IPL week 43,IPL wk 43,1697846400000,1698451200000,9b9ea037-06d9-41ac-87af-5b4ceb9f641c,1697529529716,563748b6-6df2-4990-aa54-d574de5546a2,1697529529716,563748b6-6df2-4990-aa54-d574de5546a2,,
94eec186-c193-47a5-89d4-957e4b41a7b8,FGO week 41,FGO wk 41,1696636800000,1696723200000,44483950-583a-4ed6-ab2a-728eef617106,1696573364243,563748b6-6df2-4990-aa54-d574de5546a2,1698754181308,a0463e4c-2adb-4488-aac3-66bcf22ff32d,,
3a7096af-c0bf-4955-b01a-7216c0865271,MOB0138701,CGMU6923230,1691452800000,1691971200000,7558a36f-6210-4e34-a227-80aac0f2ecfd,1692270637693,563748b6-6df2-4990-aa54-d574de5546a2,1697538410930,4a2f76a7-6256-4e67-8d8a-095cee8557f7,,
666cd43c-f8aa-4d8b-bd0f-e46bb0fd6ce7,DFG week 37,DFG wk 37,1694649600000,1694908800000,7558a36f-6210-4e34-a227-80aac0f2ecfd,1694255501957,563748b6-6df2-4990-aa54-d574de5546a2,1694255501957,563748b6-6df2-4990-aa54-d574de5546a2,,
fd414998-2c5d-49a6-9297-854b5d494f04,MOB0139839,CGMU6924180,1696204800000,1696723200000,f506971d-8714-41c4-bde4-4ebb03756413,1695808720139,563748b6-6df2-4990-aa54-d574de5546a2,1697538526906,4a2f76a7-6256-4e67-8d8a-095cee8557f7,,
11978e2b-83cc-4b9a-b2b9-2c9e009d6713,MOB0139419,CGMU6926368,1694563200000,1694908800000,f506971d-8714-41c4-bde4-4ebb03756413,1694252134063,563748b6-6df2-4990-aa54-d574de5546a2,1695212244990,563748b6-6df2-4990-aa54-d574de5546a2,,
fadacccf-ba03-446d-abb5-b058f2aacb8b,MOB0138025,Airflo week 28,1688947200000,1689552000000,7558a36f-6210-4e34-a227-80aac0f2ecfd,1688921184989,563748b6-6df2-4990-aa54-d574de5546a2,1697539668298,a0463e4c-2adb-4488-aac3-66bcf22ff32d,,
e84d7eca-d11d-4d66-b29b-f575ea9e5d15,MOB0139415,CGMU6924581,1694563200000,1694908800000,f506971d-8714-41c4-bde4-4ebb03756413,1694252748705,563748b6-6df2-4990-aa54-d574de5546a2,1695212260168,563748b6-6df2-4990-aa54-d574de5546a2,,
0496fc5b-71d7-4575-95b4-3735792d9a9e,231722312,MCAU6037953,1696032000000,1696550400000,f506971d-8714-41c4-bde4-4ebb03756413,1695807766155,563748b6-6df2-4990-aa54-d574de5546a2,1697539693951,a0463e4c-2adb-4488-aac3-66bcf22ff32d,,
8f4c9892-acdc-4453-bf2a-6300800a8f56,DFG week 40,DFG wk 40,1695945600000,1696118400000,96e1b0e5-975b-4c65-8846-d9745cfc29ee,1695807739809,563748b6-6df2-4990-aa54-d574de5546a2,1695807739809,563748b6-6df2-4990-aa54-d574de5546a2,,
d14f521c-669b-4df0-b86b-7cb4f19e862d,Berg week 43,Berg wk 43,1697932800000,1698537600000,f506971d-8714-41c4-bde4-4ebb03756413,1697617937516,563748b6-6df2-4990-aa54-d574de5546a2,1697618041779,563748b6-6df2-4990-aa54-d574de5546a2,1697618041769,563748b6-6df2-4990-aa54-d574de5546a2
8a2e7bfd-fcd2-4ddf-8a61-97ddfdcbeb85,IPL week 44,IPL wk 44,1698451200000,1698969600000,9b9ea037-06d9-41ac-87af-5b4ceb9f641c,1697617852338,563748b6-6df2-4990-aa54-d574de5546a2,1697618073277,563748b6-6df2-4990-aa54-d574de5546a2,1697618073202,563748b6-6df2-4990-aa54-d574de5546a2
8e510978-ce5f-46b5-99dc-ad8a84249f69,MOB0139571,CGMU6905600,1694822400000,1694908800000,7558a36f-6210-4e34-a227-80aac0f2ecfd,1694084528944,563748b6-6df2-4990-aa54-d574de5546a2,1696242432526,563748b6-6df2-4990-aa54-d574de5546a2,,
946a168b-0840-49d0-81db-16573b813124,MOB0140069,CGMU6924529,1697328000000,1697932800000,f506971d-8714-41c4-bde4-4ebb03756413,1697021996153,563748b6-6df2-4990-aa54-d574de5546a2,1697620811826,563748b6-6df2-4990-aa54-d574de5546a2,,
9527c4ab-067d-418c-8789-d3eb5e671cf7,MOB0140093,CGMU6900255,1697414400000,1697932800000,f506971d-8714-41c4-bde4-4ebb03756413,1697022023453,563748b6-6df2-4990-aa54-d574de5546a2,1697620841493,563748b6-6df2-4990-aa54-d574de5546a2,,
e77e3d86-ee02-4771-8b79-844b0e5933a0,IPL week 41,IPL wk 41,1696636800000,1697155200000,9b9ea037-06d9-41ac-87af-5b4ceb9f641c,1696529777497,563748b6-6df2-4990-aa54-d574de5546a2,1696529777497,563748b6-6df2-4990-aa54-d574de5546a2,,
3eda8949-84f1-46dd-81c0-263a73cde8a6,DFG week 41,DFG wk 41,1696723200000,1697328000000,7558a36f-6210-4e34-a227-80aac0f2ecfd,1696530090437,563748b6-6df2-4990-aa54-d574de5546a2,1696530090437,563748b6-6df2-4990-aa54-d574de5546a2,,
19b788a3-9f34-4159-a089-0775098ce9fc,DFG week 42,DFG wk 42,1697328000000,1697760000000,7558a36f-6210-4e34-a227-80aac0f2ecfd,1696667858468,563748b6-6df2-4990-aa54-d574de5546a2,1696667858468,563748b6-6df2-4990-aa54-d574de5546a2,,
5be8c560-eadc-4356-978b-b4d8be5fa112,MOB0140095,CGMU6909150,1697587200000,1697932800000,f506971d-8714-41c4-bde4-4ebb03756413,1697022043512,563748b6-6df2-4990-aa54-d574de5546a2,1697620866165,563748b6-6df2-4990-aa54-d574de5546a2,,
2d36a882-aa71-4ada-aefb-00f236332f9a,232159039,MCAU6040638,1697241600000,1697932800000,9b9ea037-06d9-41ac-87af-5b4ceb9f641c,1697043739638,563748b6-6df2-4990-aa54-d574de5546a2,1697622207503,563748b6-6df2-4990-aa54-d574de5546a2,,
d4ead8cc-50ed-4897-9fa2-1c975e43a809,MOB0139838,CGMU6936366,1696377600000,1696723200000,f506971d-8714-41c4-bde4-4ebb03756413,1695815036829,563748b6-6df2-4990-aa54-d574de5546a2,1696845811506,563748b6-6df2-4990-aa54-d574de5546a2,,
9977400d-77f3-470d-9881-fcb19773cdcd,MOB0139837,CGMU6914135,1696377600000,1696723200000,f506971d-8714-41c4-bde4-4ebb03756413,1695812715754,563748b6-6df2-4990-aa54-d574de5546a2,1696845817387,563748b6-6df2-4990-aa54-d574de5546a2,,
682d05fd-2633-4f25-b14c-9efa8bbfa6ca,MOB0140220,CGMU6905489,1697932800000,1698537600000,f506971d-8714-41c4-bde4-4ebb03756413,1697618394949,563748b6-6df2-4990-aa54-d574de5546a2,1698233712423,563748b6-6df2-4990-aa54-d574de5546a2,,
18ae559e-73c5-4845-8534-d227063521ee,MOB0140213,CGMU6924278,1698192000000,1698537600000,f506971d-8714-41c4-bde4-4ebb03756413,1697618420477,563748b6-6df2-4990-aa54-d574de5546a2,1698233740403,563748b6-6df2-4990-aa54-d574de5546a2,,
9e1c8420-f9bc-4f50-b77c-0e978a4df784,MOB0140219,CGMU6934677,1698192000000,1698537600000,f506971d-8714-41c4-bde4-4ebb03756413,1697618441365,563748b6-6df2-4990-aa54-d574de5546a2,1698233760538,563748b6-6df2-4990-aa54-d574de5546a2,,
b6a33095-5b0d-414d-a23a-92768bd9e7a4,233911305,MMAU121591,1701648000000,1701993600000,44483950-583a-4ed6-ab2a-728eef617106,1701262820563,563748b6-6df2-4990-aa54-d574de5546a2,1709029898487,9de53163-c68a-4cb9-bf61-8340acfe3061,,
6bb9b76b-af73-4dfc-a74a-3bee84b083fc,FGO week 44-3,FGO wk 44-3,1698624000000,1699056000000,44483950-583a-4ed6-ab2a-728eef617106,1698395200680,563748b6-6df2-4990-aa54-d574de5546a2,1698395305180,563748b6-6df2-4990-aa54-d574de5546a2,,
5b80c932-3f77-4017-bbbb-083b5680dcbc,IPL week 45,IPL wk 45,1699056000000,1699574400000,9b9ea037-06d9-41ac-87af-5b4ceb9f641c,1698743975032,563748b6-6df2-4990-aa54-d574de5546a2,1698743975032,563748b6-6df2-4990-aa54-d574de5546a2,,
6164da5d-02ec-4ca8-bb7d-7434f12773a8,MOB0140725 ,CGMU6901143,1700352000000,1700956800000,f506971d-8714-41c4-bde4-4ebb03756413,1700061367006,563748b6-6df2-4990-aa54-d574de5546a2,1700813762514,563748b6-6df2-4990-aa54-d574de5546a2,,
2ff35844-48c2-492a-bc9c-9be4f11223b4,MOB0139141,CGMU6907331,1693785600000,1694390400000,7558a36f-6210-4e34-a227-80aac0f2ecfd,1693472989011,563748b6-6df2-4990-aa54-d574de5546a2,1697620726166,563748b6-6df2-4990-aa54-d574de5546a2,,
4f3d4280-1ed2-489a-b4c1-a773db98126e,232700145,MCAU6011820,1698451200000,1699056000000,9b9ea037-06d9-41ac-87af-5b4ceb9f641c,1698129421242,563748b6-6df2-4990-aa54-d574de5546a2,1698752681919,563748b6-6df2-4990-aa54-d574de5546a2,,
91ecd0ab-e6a8-426c-8af4-b45f797a8c4b,MOB0140101 ,CGMU6921767,1697587200000,1697932800000,f506971d-8714-41c4-bde4-4ebb03756413,1697022065436,563748b6-6df2-4990-aa54-d574de5546a2,1697620895349,563748b6-6df2-4990-aa54-d574de5546a2,,
330ffe80-efb7-48f8-a505-5e25319f0aab,DFG week 44,DFG wk 44,1698537600000,1698969600000,7558a36f-6210-4e34-a227-80aac0f2ecfd,1698074721622,563748b6-6df2-4990-aa54-d574de5546a2,1698074721622,563748b6-6df2-4990-aa54-d574de5546a2,,
77f38325-19aa-4fec-a3fc-430680be6a29,MOB0141446,CGMU6934980,1701734400000,1702166400000,f506971d-8714-41c4-bde4-4ebb03756413,1701263044429,563748b6-6df2-4990-aa54-d574de5546a2,1709022178530,9de53163-c68a-4cb9-bf61-8340acfe3061,,
bdb1d537-a0bf-45a1-b013-dd762e9de2f8,MOB0140734 ,CGMU6907394,1700438400000,1700956800000,f506971d-8714-41c4-bde4-4ebb03756413,1700061385420,563748b6-6df2-4990-aa54-d574de5546a2,1700813784108,563748b6-6df2-4990-aa54-d574de5546a2,,
4ac9e12f-b03f-4321-810c-d9a40e16adb3,MOB0140211,CGMU6902659,1698019200000,1698537600000,f506971d-8714-41c4-bde4-4ebb03756413,1697618474087,563748b6-6df2-4990-aa54-d574de5546a2,1698233785730,563748b6-6df2-4990-aa54-d574de5546a2,,
89289c43-5fde-44e6-a5ce-8e864e578b5d,123456789,MRSU4625271,1710720000000,1710892800000,9b9ea037-06d9-41ac-87af-5b4ceb9f641c,1710488749252,a0463e4c-2adb-4488-aac3-66bcf22ff32d,1710492534130,a0463e4c-2adb-4488-aac3-66bcf22ff32d,,
15c52bcb-273f-4eec-b150-13cae74c313e,233086017,MMAU1423362,1699660800000,1700179200000,9b9ea037-06d9-41ac-87af-5b4ceb9f641c,1699353474808,563748b6-6df2-4990-aa54-d574de5546a2,1700813892109,563748b6-6df2-4990-aa54-d574de5546a2,,
99d1ed05-6eaf-48f5-a455-4351db1ffa93,MM week 44,MM wk 44,1698796800000,1699142400000,f506971d-8714-41c4-bde4-4ebb03756413,1698240177198,563748b6-6df2-4990-aa54-d574de5546a2,1698240177198,563748b6-6df2-4990-aa54-d574de5546a2,,
01c8ebdd-52bb-474a-a876-29b97dec9b8f,MOB0140623,CGMU6907938,1699833600000,1700352000000,f506971d-8714-41c4-bde4-4ebb03756413,1699517114597,563748b6-6df2-4990-aa54-d574de5546a2,1700813933979,563748b6-6df2-4990-aa54-d574de5546a2,,
199a54d1-a2eb-49ec-b18e-7d1e5b70fa72,MOB0140349,CGMU6930223,1698537600000,1699142400000,f506971d-8714-41c4-bde4-4ebb03756413,1698240109100,563748b6-6df2-4990-aa54-d574de5546a2,1698752716764,563748b6-6df2-4990-aa54-d574de5546a2,,
ff8ced84-423b-49ae-86dc-f6e8bc7024ac,MOB0140640,CGMU6936860,1700006400000,1700352000000,f506971d-8714-41c4-bde4-4ebb03756413,1699517036941,563748b6-6df2-4990-aa54-d574de5546a2,1700813949753,563748b6-6df2-4990-aa54-d574de5546a2,,
2705a4ea-77a0-4f6a-a954-ce4d1645e54f,FGO week 44-1,FGO wk 44-1,1698624000000,1699056000000,44483950-583a-4ed6-ab2a-728eef617106,1698395083161,563748b6-6df2-4990-aa54-d574de5546a2,1698395289403,563748b6-6df2-4990-aa54-d574de5546a2,,
88cf770d-ddf5-45e1-b587-ff493624fe3c,MOB0140353,CGMU6919163,1698624000000,1699142400000,f506971d-8714-41c4-bde4-4ebb03756413,1698240133293,563748b6-6df2-4990-aa54-d574de5546a2,1698752743931,563748b6-6df2-4990-aa54-d574de5546a2,,
501aeee5-8276-4ac4-94b7-9d9dd87611fb,FGO week 44-2,FGO wk 44-2,1698624000000,1699056000000,44483950-583a-4ed6-ab2a-728eef617106,1698395172859,563748b6-6df2-4990-aa54-d574de5546a2,1698395298131,563748b6-6df2-4990-aa54-d574de5546a2,,
0c28a217-4bd1-4600-8f2d-570a9cf259c8,MMAU1363807,MMAU1363807,1700265600000,1700784000000,9b9ea037-06d9-41ac-87af-5b4ceb9f641c,1699940544633,563748b6-6df2-4990-aa54-d574de5546a2,1700814156512,563748b6-6df2-4990-aa54-d574de5546a2,,
3bfa9964-7d8b-497a-8d8b-f6bac329ae77,MOB0140347,CGMU6944295,1698796800000,1699142400000,f506971d-8714-41c4-bde4-4ebb03756413,1698240149684,563748b6-6df2-4990-aa54-d574de5546a2,1698752769367,563748b6-6df2-4990-aa54-d574de5546a2,,
9ad0df49-2d4d-4170-ad6e-deee9279fafa,MOB0141356,CGMU6921509,1701129600000,1701561600000,f506971d-8714-41c4-bde4-4ebb03756413,1700561426253,563748b6-6df2-4990-aa54-d574de5546a2,1701085840374,563748b6-6df2-4990-aa54-d574de5546a2,,
1e799a4d-1765-4958-88ff-d4610c509461,MOB0140352,CGMU6905914,1698796800000,1699142400000,f506971d-8714-41c4-bde4-4ebb03756413,1698240165249,563748b6-6df2-4990-aa54-d574de5546a2,1698752800214,563748b6-6df2-4990-aa54-d574de5546a2,,
c798b421-821b-46e2-96c8-9e1da9316daa,MOB0141359,CGMU6936833,1700956800000,1701561600000,f506971d-8714-41c4-bde4-4ebb03756413,1700587178929,563748b6-6df2-4990-aa54-d574de5546a2,1701085854966,563748b6-6df2-4990-aa54-d574de5546a2,,
316d1d9d-ed0a-472c-aa92-98ca860b2ff2,MOB0141367,CGMU6935992,1701043200000,1701561600000,f506971d-8714-41c4-bde4-4ebb03756413,1700811507976,563748b6-6df2-4990-aa54-d574de5546a2,1701085868851,563748b6-6df2-4990-aa54-d574de5546a2,,
bc8d5efb-c627-438c-ac19-35c2414d9605,FGO week 40,FGO wk 40,1696377600000,1696550400000,44483950-583a-4ed6-ab2a-728eef617106,1695896905633,563748b6-6df2-4990-aa54-d574de5546a2,1698754188326,a0463e4c-2adb-4488-aac3-66bcf22ff32d,,
ae1837aa-e015-4bdd-9196-3a78b59bc483,Berg week 49,Berg wk 49,1701475200000,1702166400000,f506971d-8714-41c4-bde4-4ebb03756413,1701262952041,563748b6-6df2-4990-aa54-d574de5546a2,1701262952041,563748b6-6df2-4990-aa54-d574de5546a2,,
3ee838e0-13ae-4833-87fa-2c963e427c12,FGO week 45-2,FGO wk 45-2,1699228800000,1699660800000,44483950-583a-4ed6-ab2a-728eef617106,1698992569209,563748b6-6df2-4990-aa54-d574de5546a2,1698992569209,563748b6-6df2-4990-aa54-d574de5546a2,,
fb2a43e6-8f90-4a4f-a251-b63c7610ddfa,FGO week 45-1,FGO wk 45-1,1699228800000,1699660800000,44483950-583a-4ed6-ab2a-728eef617106,1698732042552,563748b6-6df2-4990-aa54-d574de5546a2,1698992577596,563748b6-6df2-4990-aa54-d574de5546a2,,
c3e274e3-1bbd-4e41-a9d1-fc7d60e872a4,DFG week 46,DFG wk 46,1699747200000,1700179200000,7558a36f-6210-4e34-a227-80aac0f2ecfd,1699019319599,563748b6-6df2-4990-aa54-d574de5546a2,1699019319599,563748b6-6df2-4990-aa54-d574de5546a2,,
bccea7ff-0e07-4f2c-9f37-ea1a2e26c314,233551473,MMAU140228,1700870400000,1701388800000,9b9ea037-06d9-41ac-87af-5b4ceb9f641c,1700561058304,563748b6-6df2-4990-aa54-d574de5546a2,1709023869107,9de53163-c68a-4cb9-bf61-8340acfe3061,,
7f362a1d-17b2-4c6e-86fa-d6554d4605d2,FGO week 46-2,FGO wk 46-2,1699833600000,1700179200000,44483950-583a-4ed6-ab2a-728eef617106,1699426560140,563748b6-6df2-4990-aa54-d574de5546a2,1699426560140,563748b6-6df2-4990-aa54-d574de5546a2,,
58b9ac4a-c7a0-4886-a07d-159b58391e68,MOB0141448,CGMU6942965,1701648000000,1702166400000,f506971d-8714-41c4-bde4-4ebb03756413,1701263174330,563748b6-6df2-4990-aa54-d574de5546a2,1706009738788,563748b6-6df2-4990-aa54-d574de5546a2,,
efa42f3d-d227-48fb-bb0e-28557d669291,FGO week 46-1,FGO wk 46-1,1699833600000,1700265600000,44483950-583a-4ed6-ab2a-728eef617106,1699426435475,563748b6-6df2-4990-aa54-d574de5546a2,1699426567423,563748b6-6df2-4990-aa54-d574de5546a2,,
0c3b2255-fde3-4ff2-8f79-f77fa9711a6c,Berg week 46,Berg wk 46,1699747200000,1700352000000,f506971d-8714-41c4-bde4-4ebb03756413,1699517018039,563748b6-6df2-4990-aa54-d574de5546a2,1699517093126,563748b6-6df2-4990-aa54-d574de5546a2,,
72af86b7-0f69-452c-b5a6-0346f02a1709,DFG week 47,DFG wk 47,1700352000000,1700784000000,7558a36f-6210-4e34-a227-80aac0f2ecfd,1699873245001,563748b6-6df2-4990-aa54-d574de5546a2,1699873245001,563748b6-6df2-4990-aa54-d574de5546a2,,
9f2d6b12-d641-49a0-826e-141fca64f428,MOB0140446,CGMU6913400,1699056000000,1699747200000,f506971d-8714-41c4-bde4-4ebb03756413,1698907951457,563748b6-6df2-4990-aa54-d574de5546a2,1699949372373,563748b6-6df2-4990-aa54-d574de5546a2,,
da0b759f-fe6b-435d-b783-8b08a52db1ac,MOB0140462,CGMU6901800,1699228800000,1699747200000,f506971d-8714-41c4-bde4-4ebb03756413,1698907975847,563748b6-6df2-4990-aa54-d574de5546a2,1699949388651,563748b6-6df2-4990-aa54-d574de5546a2,,
392c9cd2-cc0f-4faf-bab3-edb53f8b791d,MOB0140478,CGMU6929705,1699228800000,1699747200000,f506971d-8714-41c4-bde4-4ebb03756413,1698907992653,563748b6-6df2-4990-aa54-d574de5546a2,1699949404184,563748b6-6df2-4990-aa54-d574de5546a2,,
7cb5b7cd-cec3-4f91-b5cb-71b4cbb35454,FGO week 47-1,FGO wk 47-1,1700438400000,1700784000000,44483950-583a-4ed6-ab2a-728eef617106,1700207478117,563748b6-6df2-4990-aa54-d574de5546a2,1700207478117,563748b6-6df2-4990-aa54-d574de5546a2,,
04dcfc06-f32a-4997-9bfd-3cde801e502d,FGO week 47-2,FGO wk 47-2,1700438400000,1700784000000,44483950-583a-4ed6-ab2a-728eef617106,1700207496516,563748b6-6df2-4990-aa54-d574de5546a2,1700207496516,563748b6-6df2-4990-aa54-d574de5546a2,,
899e4a47-1e27-4f49-87df-dfa9ebd75d0d,DFG week 48,DFG wk 48,1700956800000,1701388800000,96e1b0e5-975b-4c65-8846-d9745cfc29ee,1700460704030,563748b6-6df2-4990-aa54-d574de5546a2,1700460718234,563748b6-6df2-4990-aa54-d574de5546a2,,
0aa49031-1534-4c6d-9806-badd74ddad14,Zami week 48,Zami wk 48,1701129600000,1701561600000,f506971d-8714-41c4-bde4-4ebb03756413,1700811537543,563748b6-6df2-4990-aa54-d574de5546a2,1700812343812,563748b6-6df2-4990-aa54-d574de5546a2,1700812343812,563748b6-6df2-4990-aa54-d574de5546a2
3bc3b5c2-aeb5-48a0-a335-942b8eed58c2,DFG week 50,DFG wk 50,1702166400000,1702598400000,96e1b0e5-975b-4c65-8846-d9745cfc29ee,1701613986777,563748b6-6df2-4990-aa54-d574de5546a2,1701613986777,563748b6-6df2-4990-aa54-d574de5546a2,,
0037ea50-2745-4f9f-9d55-97a9ebbb95ea,Cancelled,FGO wk 51,1702857600000,1703203200000,44483950-583a-4ed6-ab2a-728eef617106,1702539223511,563748b6-6df2-4990-aa54-d574de5546a2,1709020361401,9de53163-c68a-4cb9-bf61-8340acfe3061,,
005f33c4-07e2-454a-a7ef-09d138493f6d,Cancelled,Fresco wk 51,1703030400000,1703462400000,f506971d-8714-41c4-bde4-4ebb03756413,1702489205239,563748b6-6df2-4990-aa54-d574de5546a2,1709020370746,9de53163-c68a-4cb9-bf61-8340acfe3061,,
9eeab59f-c95c-40b7-aa11-0b409d8aa40f,Cancelled,FD wk 51,1702944000000,1703462400000,f506971d-8714-41c4-bde4-4ebb03756413,1702489178387,563748b6-6df2-4990-aa54-d574de5546a2,1709020376452,9de53163-c68a-4cb9-bf61-8340acfe3061,,
a5ccf337-d0eb-4d82-9acc-35006e0ee873,Cancelled,DFG wk 51,1702771200000,1703203200000,7558a36f-6210-4e34-a227-80aac0f2ecfd,1702188010365,563748b6-6df2-4990-aa54-d574de5546a2,1709020418168,9de53163-c68a-4cb9-bf61-8340acfe3061,,
16edca30-ee30-4635-b3c9-3302842e923d,Cancelled,KN wk 51,1702857600000,1703462400000,f506971d-8714-41c4-bde4-4ebb03756413,1702489132871,563748b6-6df2-4990-aa54-d574de5546a2,1709020424474,9de53163-c68a-4cb9-bf61-8340acfe3061,,
cb026489-8a0a-4aee-b97c-c66e103d10b5,0741MB0003930,MEDU9718898,1702944000000,1703462400000,f506971d-8714-41c4-bde4-4ebb03756413,1702489158441,563748b6-6df2-4990-aa54-d574de5546a2,1708938412128,9de53163-c68a-4cb9-bf61-8340acfe3061,,
dfa5fd67-2f64-44a0-a327-494b1ef0c774,MOB0141533,CGMU6927317,1702425600000,1702857600000,f506971d-8714-41c4-bde4-4ebb03756413,1701847242544,563748b6-6df2-4990-aa54-d574de5546a2,1702488972043,563748b6-6df2-4990-aa54-d574de5546a2,,
a2d0acc3-8f63-49c6-9f28-84a0a62f5513,Cancelled,Berg wk 51,1702684800000,1703462400000,f506971d-8714-41c4-bde4-4ebb03756413,1702489101176,563748b6-6df2-4990-aa54-d574de5546a2,1709020432615,9de53163-c68a-4cb9-bf61-8340acfe3061,,
859ce17f-108b-4f67-a237-bfdd165425d8,MOB0141526,CGMU6915492,1702166400000,1702857600000,f506971d-8714-41c4-bde4-4ebb03756413,1701847446895,563748b6-6df2-4990-aa54-d574de5546a2,1702488995387,563748b6-6df2-4990-aa54-d574de5546a2,,
efeb5339-dcd1-4b0f-8f80-5733398f010a,MOB0141524,CGMU6927575,1702252800000,1702857600000,f506971d-8714-41c4-bde4-4ebb03756413,1701847618230,563748b6-6df2-4990-aa54-d574de5546a2,1702489017887,563748b6-6df2-4990-aa54-d574de5546a2,,
ae8ca13b-c4d5-47ed-acda-ae7911b4a302,Cancelled,IPL wk 50,1702080000000,1702598400000,9b9ea037-06d9-41ac-87af-5b4ceb9f641c,1701846970556,563748b6-6df2-4990-aa54-d574de5546a2,1709023673022,9de53163-c68a-4cb9-bf61-8340acfe3061,,
f3de6d56-3296-4f48-b337-aa81e2f5ba7c,MOB0141534,CGMU6918969,1702339200000,1702857600000,f506971d-8714-41c4-bde4-4ebb03756413,1701847510672,563748b6-6df2-4990-aa54-d574de5546a2,1702489041757,563748b6-6df2-4990-aa54-d574de5546a2,,
58b83e66-5574-45a6-afd7-ad88d62871e0,074IMB0005034,,1711411200000,1711497600000,c647781a-c639-4427-988f-2c2193e573c9,1711350842888,9de53163-c68a-4cb9-bf61-8340acfe3061,1711352608523,9de53163-c68a-4cb9-bf61-8340acfe3061,1711352608521,9de53163-c68a-4cb9-bf61-8340acfe3061
85115dd4-1aef-4cfa-ade3-4965e3ad78a4,FGO week 48,MMAU1349706,1701043200000,1701388800000,44483950-583a-4ed6-ab2a-728eef617106,1700587382849,563748b6-6df2-4990-aa54-d574de5546a2,1702902036802,a0463e4c-2adb-4488-aac3-66bcf22ff32d,,
278fbf91-718d-4c5a-af21-9e7d148e31da,233860271,MMAU1387687,1701475200000,1701993600000,9b9ea037-06d9-41ac-87af-5b4ceb9f641c,1701235831332,563748b6-6df2-4990-aa54-d574de5546a2,1709023804255,9de53163-c68a-4cb9-bf61-8340acfe3061,,
981f4e9e-e9e2-460a-ae15-ba4af4efa1ff,074IMB0005057,MEDU9654432,1711497600000,1712016000000,c647781a-c639-4427-988f-2c2193e573c9,1711094258816,a0463e4c-2adb-4488-aac3-66bcf22ff32d,1711447753836,9de53163-c68a-4cb9-bf61-8340acfe3061,,
e8d4b8c1-e30d-45ae-9001-4ef8c1bfbfa9,074IMB0005034,MEDU7923770,1711411200000,1712016000000,c647781a-c639-4427-988f-2c2193e573c9,1711094136789,a0463e4c-2adb-4488-aac3-66bcf22ff32d,1711447800659,9de53163-c68a-4cb9-bf61-8340acfe3061,,
70d1efc9-71e5-4588-a0a9-9aeaa7228e98,EBKG0751493,MEDU9751140,1703376000000,1703894400000,f506971d-8714-41c4-bde4-4ebb03756413,1703181611298,563748b6-6df2-4990-aa54-d574de5546a2,1708938542519,9de53163-c68a-4cb9-bf61-8340acfe3061,,
8c584da4-99b2-4bea-8c75-1fafdd11baee,234175048,MMAU188560,1702252800000,1702598400000,44483950-583a-4ed6-ab2a-728eef617106,1701853800919,563748b6-6df2-4990-aa54-d574de5546a2,1709029766394,9de53163-c68a-4cb9-bf61-8340acfe3061,,
50a1341a-1706-4251-8c4d-42c7fe64165f,074IMB0005144,Cancelled,1712880000000,1713052800000,c647781a-c639-4427-988f-2c2193e573c9,1711713949671,a0463e4c-2adb-4488-aac3-66bcf22ff32d,1712319051679,9de53163-c68a-4cb9-bf61-8340acfe3061,,
ea84c11e-984b-41be-ada1-593ceb22eeb5,074IMB0005143,Cancelled,1712880000000,1713052800000,c647781a-c639-4427-988f-2c2193e573c9,1711713935100,a0463e4c-2adb-4488-aac3-66bcf22ff32d,1712319070488,9de53163-c68a-4cb9-bf61-8340acfe3061,,
63271635-d538-4dc6-b508-38bb2d6a9a0a,MSC-4,Cancelled,1712188800000,1712620800000,c647781a-c639-4427-988f-2c2193e573c9,1711617604733,a0463e4c-2adb-4488-aac3-66bcf22ff32d,1712319078471,9de53163-c68a-4cb9-bf61-8340acfe3061,,
e60fbecb-f0ad-463f-8536-8a1cd3569c19,MSC-3,Cancelled,1712188800000,1712620800000,c647781a-c639-4427-988f-2c2193e573c9,1711617587369,a0463e4c-2adb-4488-aac3-66bcf22ff32d,1712319087237,9de53163-c68a-4cb9-bf61-8340acfe3061,,
af9875d4-f826-4d8e-a6c7-1d1e8ecb422b,EBKG07515519,MEDU9604220,1703462400000,1703894400000,f506971d-8714-41c4-bde4-4ebb03756413,1703181657982,563748b6-6df2-4990-aa54-d574de5546a2,1708938624408,9de53163-c68a-4cb9-bf61-8340acfe3061,,
3970eda3-6b4d-455e-bc51-2229435ed88e,MCAU6044037,MCAU6044037,1721433600000,1721779200000,e5e1ad79-36c7-4fe1-a94b-5fdd1fceb34f,1723019558437,a0463e4c-2adb-4488-aac3-66bcf22ff32d,1723019593285,a0463e4c-2adb-4488-aac3-66bcf22ff32d,,
e88f5166-cc07-4e70-9703-29c7ebf1f497,Colombia > Japan,Colombia > Japan,1726012800000,1726012800000,44483950-583a-4ed6-ab2a-728eef617106,1726078304980,a0463e4c-2adb-4488-aac3-66bcf22ff32d,1726078304980,a0463e4c-2adb-4488-aac3-66bcf22ff32d,,
ca7ae06f-11e7-4dac-b451-b06f88abc181,EBKG07515529,MEDU9786064,1704067200000,1704499200000,f506971d-8714-41c4-bde4-4ebb03756413,1703836252800,563748b6-6df2-4990-aa54-d574de5546a2,1708938711727,9de53163-c68a-4cb9-bf61-8340acfe3061,,
145f4c62-02c4-436b-b203-91eccefd355e,Cancelled,IPL week 52,1703289600000,1703894400000,9b9ea037-06d9-41ac-87af-5b4ceb9f641c,1704271007103,563748b6-6df2-4990-aa54-d574de5546a2,1709019145961,9de53163-c68a-4cb9-bf61-8340acfe3061,,
be80ac9f-3e4f-48fd-9e1b-4365f252f58e,Cancelled,DFG wk 1,1703980800000,1704412800000,7558a36f-6210-4e34-a227-80aac0f2ecfd,1703740070551,563748b6-6df2-4990-aa54-d574de5546a2,1709019227403,9de53163-c68a-4cb9-bf61-8340acfe3061,,
b757d9dd-4e6a-44c0-a193-97b420f88318,Cancelled,DFG wk 52,1703376000000,1703808000000,7558a36f-6210-4e34-a227-80aac0f2ecfd,1702794869271,563748b6-6df2-4990-aa54-d574de5546a2,1709019245572,9de53163-c68a-4cb9-bf61-8340acfe3061,,
38f067a7-0bc7-42f9-a2d6-a5a2e3952efa,Colombia > Spain,Colombia > Spain,1726531200000,1726704000000,44483950-583a-4ed6-ab2a-728eef617106,1727094210103,a0463e4c-2adb-4488-aac3-66bcf22ff32d,1727094210103,a0463e4c-2adb-4488-aac3-66bcf22ff32d,,
371f094a-79c1-4b6f-8671-c6a9c5ad7c54,Domus week 48,Domus week 48,1732924800000,1733184000000,4170364e-eff3-4161-825f-6d06f86c6b1a,1732779646424,9de53163-c68a-4cb9-bf61-8340acfe3061,1732779646424,9de53163-c68a-4cb9-bf61-8340acfe3061,,
76d691d4-9e8f-4ab4-9149-6e396c2792b0,Gulf Flowers 1,Gulf Flowers 1,1728432000000,1729123200000,4170364e-eff3-4161-825f-6d06f86c6b1a,1728318548923,a0463e4c-2adb-4488-aac3-66bcf22ff32d,1728406863155,a0463e4c-2adb-4488-aac3-66bcf22ff32d,1728406863155,a0463e4c-2adb-4488-aac3-66bcf22ff32d
2da952c3-2f76-4a76-9bb5-094fc62810bc,Gulf Flowers 1,Gulf Flowers 1,1728518400000,1729123200000,4170364e-eff3-4161-825f-6d06f86c6b1a,1728318480937,a0463e4c-2adb-4488-aac3-66bcf22ff32d,1728470251518,a0463e4c-2adb-4488-aac3-66bcf22ff32d,,
30bb77af-5f02-44e8-aedd-c592a5763b07,mmau1434670,mmau1434670,1728691200000,1729123200000,7558a36f-6210-4e34-a227-80aac0f2ecfd,1728318397948,a0463e4c-2adb-4488-aac3-66bcf22ff32d,1729068177060,9de53163-c68a-4cb9-bf61-8340acfe3061,,
93c80ad2-e6c5-4267-9fda-5217c2f2b314,MOB0147557,CGMU 6908940,1728604800000,1729123200000,f506971d-8714-41c4-bde4-4ebb03756413,1728318435609,a0463e4c-2adb-4488-aac3-66bcf22ff32d,1729068348745,9de53163-c68a-4cb9-bf61-8340acfe3061,,
b2d47c72-98ce-44e2-bf07-f78021884159,Japan > NL,Japan > NL,1730419200000,1730505600000,44483950-583a-4ed6-ab2a-728eef617106,1729323515456,a0463e4c-2adb-4488-aac3-66bcf22ff32d,1729324092456,a0463e4c-2adb-4488-aac3-66bcf22ff32d,1729324092457,a0463e4c-2adb-4488-aac3-66bcf22ff32d
d7c49538-b2a2-41c5-bea1-ce729a4829c9,ZAMI 43,ZAMI 43,1729814400000,1730073600000,44483950-583a-4ed6-ab2a-728eef617106,1729581747874,9de53163-c68a-4cb9-bf61-8340acfe3061,1729581747874,9de53163-c68a-4cb9-bf61-8340acfe3061,,
34ebc178-893b-4e67-b5b0-84dd09c312cd,245777309,MMAU1437290,1729728000000,1730332800000,44483950-583a-4ed6-ab2a-728eef617106,1729578949316,9de53163-c68a-4cb9-bf61-8340acfe3061,1729584841956,9de53163-c68a-4cb9-bf61-8340acfe3061,,
9b3489d0-df9e-41ab-b779-a85b33395a12,Flamingo 43,Flamingo 43,1729814400000,1729900800000,44483950-583a-4ed6-ab2a-728eef617106,1729668911711,9de53163-c68a-4cb9-bf61-8340acfe3061,1729668911711,9de53163-c68a-4cb9-bf61-8340acfe3061,,
6f003347-09a5-4d11-89f6-6ad2cf447202,1062752463,BIRU9700117,1730160000000,1730592000000,63b228a7-56f2-4a2f-8529-9545ebf62cae,1729856634691,9de53163-c68a-4cb9-bf61-8340acfe3061,1730104707300,9de53163-c68a-4cb9-bf61-8340acfe3061,,
97e944cf-934d-46ee-ba8c-8abdc6164268,1062696534,BIRU9700035,1729900800000,1730592000000,63b228a7-56f2-4a2f-8529-9545ebf62cae,1729670242612,9de53163-c68a-4cb9-bf61-8340acfe3061,1730704955577,a0463e4c-2adb-4488-aac3-66bcf22ff32d,,
90f3e204-67c4-4cfe-ba95-f575b9868734,DFG 45 Gulf,DFG 45 Gulf,1731196800000,1731369600000,44483950-583a-4ed6-ab2a-728eef617106,1731002296460,9de53163-c68a-4cb9-bf61-8340acfe3061,1731002296460,9de53163-c68a-4cb9-bf61-8340acfe3061,,
9019d3a4-2193-41ae-800b-baf07fde19da,AL LOKRIT Week 45,AL LOKRIT Week 45,1731456000000,1731715200000,7558a36f-6210-4e34-a227-80aac0f2ecfd,1731056351151,9de53163-c68a-4cb9-bf61-8340acfe3061,1731056351151,9de53163-c68a-4cb9-bf61-8340acfe3061,,
d56055c6-88e0-4697-b3d3-29c1d2edccb3,246259923,MMAU1431476,1730937600000,1731542400000,44483950-583a-4ed6-ab2a-728eef617106,1730707473275,9de53163-c68a-4cb9-bf61-8340acfe3061,1732099021254,9de53163-c68a-4cb9-bf61-8340acfe3061,,
2be29039-71d4-48b5-a06b-4380b29814a4,DFG WEEK 47,DFG WEEK 47,1731974400000,1732060800000,44483950-583a-4ed6-ab2a-728eef617106,1731927702974,9de53163-c68a-4cb9-bf61-8340acfe3061,1731927702974,9de53163-c68a-4cb9-bf61-8340acfe3061,,
9ca096e7-c834-49c2-aed4-2fad6e1c949a,Week 10 DFG Nini Container 1 Cape (RAIL),MMAU1421502,1741824000000,1742428800000,44483950-583a-4ed6-ab2a-728eef617106,1741608352733,7536610a-7847-4680-8a63-88a7b996207b,1743773838750,7536610a-7847-4680-8a63-88a7b996207b,,
30526be9-5a39-4445-88b7-81644a135478,247852889,MMAU1445510,1734652800000,1735171200000,44483950-583a-4ed6-ab2a-728eef617106,1734588707543,9de53163-c68a-4cb9-bf61-8340acfe3061,1736420616818,9de53163-c68a-4cb9-bf61-8340acfe3061,,
defbdcb6-ea84-466f-9410-5945dc2f4036,Week 12 DFG Nini Container 1 Cape,MMAU1405522,1743033600000,1743638400000,44483950-583a-4ed6-ab2a-728eef617106,1742884023072,7536610a-7847-4680-8a63-88a7b996207b,1743774500588,7536610a-7847-4680-8a63-88a7b996207b,,
b75872da-3a61-4642-b9f2-3a3e9b778b6c,Week 5 DFG Nini container 1 Cape,MMAU1363514,1738281600000,1738627200000,44483950-583a-4ed6-ab2a-728eef617106,1738140814999,9de53163-c68a-4cb9-bf61-8340acfe3061,1743774665919,7536610a-7847-4680-8a63-88a7b996207b,,
210dd558-e6e4-447c-a69f-29513e0cfbc3,Week 8 DFG Nini container 2 Dubai,MMAU1410555,1739836800000,1740268800000,44483950-583a-4ed6-ab2a-728eef617106,1739869805442,a0463e4c-2adb-4488-aac3-66bcf22ff32d,1743774688747,7536610a-7847-4680-8a63-88a7b996207b,,
72aeda6a-1028-4e9e-8669-f8d7ecdd12a5,Week 8 DFG Nini container 3 Dubai,MMAU1428467,1740182400000,1740268800000,44483950-583a-4ed6-ab2a-728eef617106,1739869835130,a0463e4c-2adb-4488-aac3-66bcf22ff32d,1743774709786,7536610a-7847-4680-8a63-88a7b996207b,,
b1d70007-9953-4549-a2a2-c03e9113653f,247419023,MMAU1361928,1733356800000,1733961600000,44483950-583a-4ed6-ab2a-728eef617106,1733146795140,9de53163-c68a-4cb9-bf61-8340acfe3061,1736420669923,9de53163-c68a-4cb9-bf61-8340acfe3061,,
8858ceee-f013-4b13-8e24-68f980c2e53b,Week 28 Flamingo CMA (Red Sea),Week 28 Flamingo,1752969600000,1753401600000,f506971d-8714-41c4-bde4-4ebb03756413,1752651475402,7536610a-7847-4680-8a63-88a7b996207b,1752651475402,7536610a-7847-4680-8a63-88a7b996207b,,
63c85c83-e66b-488a-81df-db2e824f4b6c,Week 3 DFG/Nini Cape,MMAU1421591,1737072000000,1737676800000,44483950-583a-4ed6-ab2a-728eef617106,1736943874789,9de53163-c68a-4cb9-bf61-8340acfe3061,1743774844436,7536610a-7847-4680-8a63-88a7b996207b,,
a595afd1-ef5e-4231-8c13-469a22149988,MRFU0004803,247419023,1733443200000,1733961600000,44483950-583a-4ed6-ab2a-728eef617106,1733391384569,7536610a-7847-4680-8a63-88a7b996207b,1736420737675,9de53163-c68a-4cb9-bf61-8340acfe3061,,
991dd808-bf6d-4c67-924f-2d39e62e812c,Week 52 VdB 3 Messina,Week 52 VdB 3 Messina,1734652800000,1735344000000,63b228a7-56f2-4a2f-8529-9545ebf62cae,1734357654439,a0463e4c-2adb-4488-aac3-66bcf22ff32d,1736428189089,a0463e4c-2adb-4488-aac3-66bcf22ff32d,1736428189095,7536610a-7847-4680-8a63-88a7b996207b
3a3b0e1a-9db2-4761-ab73-63e85c3ec653,246665256,MMAU1430377,1731715200000,1732233600000,44483950-583a-4ed6-ab2a-728eef617106,1736500688519,9de53163-c68a-4cb9-bf61-8340acfe3061,1736502632656,9de53163-c68a-4cb9-bf61-8340acfe3061,,
9c26447c-823d-4c90-8a5f-0062903c6dfb,MOB0148156,CAIU5561480,1731456000000,1732320000000,0f1f1b9d-94c5-499a-aee0-96060fc9a12a,1731412830894,9de53163-c68a-4cb9-bf61-8340acfe3061,1732539395314,9de53163-c68a-4cb9-bf61-8340acfe3061,,
a31f13bf-b639-486f-b0c2-84b08bfc68ad,MOB0148203,BMOU9626105,1731801600000,1732320000000,0f1f1b9d-94c5-499a-aee0-96060fc9a12a,1731753860450,9de53163-c68a-4cb9-bf61-8340acfe3061,1732539407584,9de53163-c68a-4cb9-bf61-8340acfe3061,,
6c4419e5-e514-421a-8a36-8b4219a23640,Week 12 VDB Container 2 Messina,CAAU4126613,1744070400000,1744329600000,63b228a7-56f2-4a2f-8529-9545ebf62cae,1742889806854,7536610a-7847-4680-8a63-88a7b996207b,1744116172062,7536610a-7847-4680-8a63-88a7b996207b,,
74058595-8729-4229-a7fa-83919c790e3c,Week 12 VDB Container 3 Messina,CAAU4126608,1744070400000,1744329600000,63b228a7-56f2-4a2f-8529-9545ebf62cae,1742889832105,7536610a-7847-4680-8a63-88a7b996207b,1744116181071,7536610a-7847-4680-8a63-88a7b996207b,,
18ecfcc3-3c34-4ba7-acfa-f21f07db5b9d,246949449,MMAU1438207,1732233600000,1732752000000,44483950-583a-4ed6-ab2a-728eef617106,1731998334698,9de53163-c68a-4cb9-bf61-8340acfe3061,1732541832822,9de53163-c68a-4cb9-bf61-8340acfe3061,,
cb495466-b7b6-4b86-b597-f8562fd5bb6e,Week 12 VDB Container 1 Messina,CAAU4126573,1744070400000,1744329600000,63b228a7-56f2-4a2f-8529-9545ebf62cae,1742889445652,7536610a-7847-4680-8a63-88a7b996207b,1744116197631,7536610a-7847-4680-8a63-88a7b996207b,,
f2f96597-b425-404b-9282-404d39afea88,Week 14 DFG Nini Messina,CAAU4125730,1743984000000,1744329600000,63b228a7-56f2-4a2f-8529-9545ebf62cae,1743525152480,7536610a-7847-4680-8a63-88a7b996207b,1744608243560,7536610a-7847-4680-8a63-88a7b996207b,,
1ce5036a-eb06-4436-aa7f-cef9cbe13dfd,MOBO148240,TLLU1070170,1732147200000,1732665600000,0f1f1b9d-94c5-499a-aee0-96060fc9a12a,1732004384245,9de53163-c68a-4cb9-bf61-8340acfe3061,1732542142141,9de53163-c68a-4cb9-bf61-8340acfe3061,,
c92c7477-b4c4-4432-bf16-bd3aa07ace7b,MOBO148241,IKSU4009831,1732320000000,1732665600000,0f1f1b9d-94c5-499a-aee0-96060fc9a12a,1732340646981,9de53163-c68a-4cb9-bf61-8340acfe3061,1732542178054,9de53163-c68a-4cb9-bf61-8340acfe3061,,
359baccb-87f4-49ab-8779-c161ef3d4a4d,Week 7 DFG Nini container 1 Dubai,MMAU1400069,1739577600000,1739750400000,44483950-583a-4ed6-ab2a-728eef617106,1739436701738,9de53163-c68a-4cb9-bf61-8340acfe3061,1739870361295,a0463e4c-2adb-4488-aac3-66bcf22ff32d,,
201e9d99-737b-46b2-8fa2-c6940a505588,Week 52 VdB 1 Messina,1063801939 ,1734652800000,1735344000000,63b228a7-56f2-4a2f-8529-9545ebf62cae,1734329914972,9de53163-c68a-4cb9-bf61-8340acfe3061,1734953177839,7536610a-7847-4680-8a63-88a7b996207b,,
c033dbd5-400f-4654-a4a0-d9dd5397da68,Week 52 VdB 2 Messina,1063804179,1734912000000,1735344000000,63b228a7-56f2-4a2f-8529-9545ebf62cae,1734353536437,a0463e4c-2adb-4488-aac3-66bcf22ff32d,1734953215696,7536610a-7847-4680-8a63-88a7b996207b,,
5137b985-2a89-41a0-8d9f-97cd56dfa706,Week 52 VDB Container 2 Messina,Container 2,1735603200000,1735776000000,63b228a7-56f2-4a2f-8529-9545ebf62cae,1735309571370,9de53163-c68a-4cb9-bf61-8340acfe3061,1742284709192,7536610a-7847-4680-8a63-88a7b996207b,,
46adbcc4-03aa-4c33-863a-25cfb665a0f7,Week 52 Zami Messina,Week 52 Zami Messina,1734652800000,1735344000000,63b228a7-56f2-4a2f-8529-9545ebf62cae,1734353495553,a0463e4c-2adb-4488-aac3-66bcf22ff32d,1735112448586,9de53163-c68a-4cb9-bf61-8340acfe3061,,
a4d5ce46-b3b4-41dd-88d1-1e4db52d90a6,Week 52 VDB Container 1 Messina,VDB Week 52,1735344000000,1735516800000,63b228a7-56f2-4a2f-8529-9545ebf62cae,1735197393898,9de53163-c68a-4cb9-bf61-8340acfe3061,1742284746048,7536610a-7847-4680-8a63-88a7b996207b,,
a012efc7-8209-4702-942f-17969d9964ab,Week 52 Fresco Messina,1063842029,1734825600000,1735344000000,63b228a7-56f2-4a2f-8529-9545ebf62cae,1734353414280,a0463e4c-2adb-4488-aac3-66bcf22ff32d,1735113065677,9de53163-c68a-4cb9-bf61-8340acfe3061,,
aaaec173-bf1d-4115-a039-8d9d68d5aa04,Week 52 Fresco Messina,Week 52 Fresco Messina,1735171200000,1735430400000,63b228a7-56f2-4a2f-8529-9545ebf62cae,1735113094977,9de53163-c68a-4cb9-bf61-8340acfe3061,1735309464488,9de53163-c68a-4cb9-bf61-8340acfe3061,,
2b12a342-4170-47f9-8c61-b023946806ce,Week 52 Zami Messina,Week 52 Zami Messina,1735171200000,1735430400000,63b228a7-56f2-4a2f-8529-9545ebf62cae,1735112491261,9de53163-c68a-4cb9-bf61-8340acfe3061,1735309490965,9de53163-c68a-4cb9-bf61-8340acfe3061,,
05db8578-42ce-4c5f-a326-b95d37670460,ZAMI Week 1,ZAMI Week 1,1736035200000,1736121600000,63b228a7-56f2-4a2f-8529-9545ebf62cae,1735994768554,9de53163-c68a-4cb9-bf61-8340acfe3061,1735994768554,9de53163-c68a-4cb9-bf61-8340acfe3061,,
bc5195fd-d35d-4579-bb0d-447c9e0060b5,1 DFG Gulf Week 1 , 1 DFG Gulf Week 1,1735948800000,1736121600000,44483950-583a-4ed6-ab2a-728eef617106,1735995444843,9de53163-c68a-4cb9-bf61-8340acfe3061,1735995574401,9de53163-c68a-4cb9-bf61-8340acfe3061,,
4f944475-5a61-44a6-b1cf-a769218ad9ce, 2 DFG Gulf Week 1, 2 DFG Gulf Week 1,1735948800000,1736121600000,44483950-583a-4ed6-ab2a-728eef617106,1735995608296,9de53163-c68a-4cb9-bf61-8340acfe3061,1735995608296,9de53163-c68a-4cb9-bf61-8340acfe3061,,
953d56a5-b628-40d8-9783-3d91c73f1beb, 3 DFG Gulf Week 1, 3 DFG Gulf Week 1,1736035200000,1736121600000,44483950-583a-4ed6-ab2a-728eef617106,1735995637809,9de53163-c68a-4cb9-bf61-8340acfe3061,1735995637809,9de53163-c68a-4cb9-bf61-8340acfe3061,,
975d99ea-96ce-475a-bb7b-13fb9f0d1c7c,MOBO148729,CGMU6961630,1735171200000,1736640000000,f506971d-8714-41c4-bde4-4ebb03756413,1735197068072,9de53163-c68a-4cb9-bf61-8340acfe3061,1736420489411,9de53163-c68a-4cb9-bf61-8340acfe3061,,
61892d00-603d-44a3-9331-7344364bee98,248628360,MMAU1444977,1735862400000,1736553600000,44483950-583a-4ed6-ab2a-728eef617106,1735737032688,9de53163-c68a-4cb9-bf61-8340acfe3061,1736420543215,9de53163-c68a-4cb9-bf61-8340acfe3061,,
f8ecdd49-4105-44c1-9c5d-2e7a06afc621,Week 13 Flamingo Maersk,MMAU1409852,1743206400000,1743638400000,44483950-583a-4ed6-ab2a-728eef617106,1743148541913,7536610a-7847-4680-8a63-88a7b996207b,1743148811625,7536610a-7847-4680-8a63-88a7b996207b,,
fa607370-ee4d-488e-a9a9-5d67a1501f64,Week 13 DFG Nini MSC (Red Sea),MEDU9717850,1743379200000,1744329600000,b07e5fbf-a2bf-46a7-bc57-8f54a1eff304,1743160534067,7536610a-7847-4680-8a63-88a7b996207b,1743520892037,7536610a-7847-4680-8a63-88a7b996207b,,
4d4e92ec-f4c5-4af0-a6f2-dcdb544673dc,Week 12 Zami Container 1 Messina ,CANCELLED,1743120000000,1743724800000,63b228a7-56f2-4a2f-8529-9545ebf62cae,1741863440963,7536610a-7847-4680-8a63-88a7b996207b,1743773785540,7536610a-7847-4680-8a63-88a7b996207b,,
a3d7115b-460a-49b6-bfda-bceefd0e4778,Week 12 Zami Container 2 Messina,CANCELLED,1743120000000,1743724800000,63b228a7-56f2-4a2f-8529-9545ebf62cae,1741863469136,7536610a-7847-4680-8a63-88a7b996207b,1743773775306,7536610a-7847-4680-8a63-88a7b996207b,,
4ed61a12-e207-4de6-85b0-95f23acd56cb,Week 14 Fresco Messina,CAAU4124781,1743984000000,1744329600000,63b228a7-56f2-4a2f-8529-9545ebf62cae,1743525246872,7536610a-7847-4680-8a63-88a7b996207b,1744197029867,7536610a-7847-4680-8a63-88a7b996207b,,
575a89a3-ba57-4b6a-8e29-75ba0bd8b10d,Week 15 DFG Nini Maersk,MMAU1394201,1744329600000,1744848000000,44483950-583a-4ed6-ab2a-728eef617106,1744012642178,7536610a-7847-4680-8a63-88a7b996207b,1744608159675,7536610a-7847-4680-8a63-88a7b996207b,,
3ac3e36c-b335-4ab2-8814-f62aaae1bd08,Week 16 Alokrit Freight Wings/Maersk,Week 16 Alokrit,1745020800000,1745625600000,4170364e-eff3-4161-825f-6d06f86c6b1a,1744886571121,7536610a-7847-4680-8a63-88a7b996207b,1744886591031,7536610a-7847-4680-8a63-88a7b996207b,,
3efce0e4-4501-4d95-b7a8-72aa58db4a1a,Week 16 DFG Nini Maersk,MMAU1415897,1745452800000,1746057600000,44483950-583a-4ed6-ab2a-728eef617106,1745307907195,7536610a-7847-4680-8a63-88a7b996207b,1745476771812,7536610a-7847-4680-8a63-88a7b996207b,,
e25e7d42-2f3a-4ebf-b822-d1c6ab818628,Week 17 DFG Nini MSC (Red Sea),MEDU9690527,1745971200000,1746403200000,b07e5fbf-a2bf-46a7-bc57-8f54a1eff304,1745476847554,7536610a-7847-4680-8a63-88a7b996207b,1746086414849,7536610a-7847-4680-8a63-88a7b996207b,,
2a6a2eb0-b19e-4308-916e-0e52fa862f1f,Week 18 DFG Nini Maersk,MMAU1417190,1746748800000,1747353600000,44483950-583a-4ed6-ab2a-728eef617106,1746435660675,7536610a-7847-4680-8a63-88a7b996207b,1746708672386,7536610a-7847-4680-8a63-88a7b996207b,,
45bff31a-f175-4b7c-bbd6-3a76bbb9890c,Week 19 Flamingo,Week 19 Flamingo,1747180800000,1747353600000,44483950-583a-4ed6-ab2a-728eef617106,1747043041887,7536610a-7847-4680-8a63-88a7b996207b,1747043041887,7536610a-7847-4680-8a63-88a7b996207b,,
5ff22bcc-5f3f-4b6b-999b-8dc130937997,Week 29 Flamingo (Red Sea),Week 29 Flamingo,1753574400000,1754006400000,f506971d-8714-41c4-bde4-4ebb03756413,1753251325816,7536610a-7847-4680-8a63-88a7b996207b,1753251416742,7536610a-7847-4680-8a63-88a7b996207b,,
4ee5c495-07d0-4d11-85ca-9318919678fc,Week 20 DFG Nini Maersk,MMAU1425473,1747872000000,1748476800000,44483950-583a-4ed6-ab2a-728eef617106,1747766447115,7536610a-7847-4680-8a63-88a7b996207b,1748260814005,7536610a-7847-4680-8a63-88a7b996207b,,
05bc0746-20a8-4b29-8f9b-4fb6f1f9e1d6,Week 20 DFG Nini Airflo,MMAU1421605,1748044800000,1748476800000,96e1b0e5-975b-4c65-8846-d9745cfc29ee,1747827631218,7536610a-7847-4680-8a63-88a7b996207b,1748260843756,7536610a-7847-4680-8a63-88a7b996207b,,
b4592969-ab5e-4080-ae49-6bfb3ee4c21f,Week 28 DFG Nini (Red Sea),MMAU1446305,1752796800000,1753315200000,44483950-583a-4ed6-ab2a-728eef617106,1752651324935,7536610a-7847-4680-8a63-88a7b996207b,1753779774829,7536610a-7847-4680-8a63-88a7b996207b,,
3b470eb9-2712-4c43-90b0-f83d6a592fff,Week 28 DFG Nini (Red Sea),MMAU1392600,1752883200000,1753315200000,96e1b0e5-975b-4c65-8846-d9745cfc29ee,1752651280401,7536610a-7847-4680-8a63-88a7b996207b,1753779790141,7536610a-7847-4680-8a63-88a7b996207b,,
d497dc0b-1646-4c38-8911-1c6fb98b2ce9,Week 21 DFG Airflo,MMAU1405374,1748563200000,1749168000000,96e1b0e5-975b-4c65-8846-d9745cfc29ee,1748260927642,7536610a-7847-4680-8a63-88a7b996207b,1749099973190,7536610a-7847-4680-8a63-88a7b996207b,,
95e855ab-aabd-4c91-974c-b23101f1a619,Week 22 DFG Nini MSC (Red Sea),MEDU9680323,1748908800000,1749427200000,b07e5fbf-a2bf-46a7-bc57-8f54a1eff304,1748938178934,7536610a-7847-4680-8a63-88a7b996207b,1749100070178,7536610a-7847-4680-8a63-88a7b996207b,,
56c2f68b-ae9c-426a-b5c1-108c3017935f,Week 22 DFG Nini (Cape),MMAU1407192,1749168000000,1749686400000,96e1b0e5-975b-4c65-8846-d9745cfc29ee,1749098960554,7536610a-7847-4680-8a63-88a7b996207b,1749541912485,7536610a-7847-4680-8a63-88a7b996207b,,
e93e16ce-2d01-4df7-a245-1c9c1b5cdd86,Week 29 DFG (Red Sea),MMAU1385391,1753401600000,1753920000000,96e1b0e5-975b-4c65-8846-d9745cfc29ee,1753251507428,7536610a-7847-4680-8a63-88a7b996207b,1753783741627,7536610a-7847-4680-8a63-88a7b996207b,,
80bdc178-e641-41cb-be31-3733a2981bb1,Week 23 Flamingo CMA (Red Sea),Week 23 Flamingo CMA,1749859200000,1750464000000,f506971d-8714-41c4-bde4-4ebb03756413,1749546273756,7536610a-7847-4680-8a63-88a7b996207b,1749546273756,7536610a-7847-4680-8a63-88a7b996207b,,
961c37f2-7513-45c0-95c0-e0af1426e3cf,Week 29 DFG Nini (Red Sea),MMAU1433458,1753488000000,1753920000000,44483950-583a-4ed6-ab2a-728eef617106,1753251426532,7536610a-7847-4680-8a63-88a7b996207b,1753783785290,7536610a-7847-4680-8a63-88a7b996207b,,
44cce763-c7d4-497c-b0ba-2f325ca76e63,Week 30 Flamingo (Red Sea),Week 30 Flamingo,1754179200000,1754524800000,f506971d-8714-41c4-bde4-4ebb03756413,1753873666776,7536610a-7847-4680-8a63-88a7b996207b,1753873666776,7536610a-7847-4680-8a63-88a7b996207b,,
8b6f8645-45f9-4062-b1fa-994332079923,Week 23 DFG Nini (Cape),MMAU1444982,1749772800000,1750377600000,96e1b0e5-975b-4c65-8846-d9745cfc29ee,1749541960003,7536610a-7847-4680-8a63-88a7b996207b,1750147204448,7536610a-7847-4680-8a63-88a7b996207b,,
f48969d3-2c2e-4f0b-b5c7-c4d9c3e937dc,Week 23 DFG Nini MSC (Red Sea)),MEDU9649375,1749772800000,1750291200000,b07e5fbf-a2bf-46a7-bc57-8f54a1eff304,1749542027262,7536610a-7847-4680-8a63-88a7b996207b,1750147283991,7536610a-7847-4680-8a63-88a7b996207b,,
b3e01d53-0cc6-4348-b68d-cac23d8c1884,Week 30 DFG (Red Sea),MMAU1422094,1754006400000,1754524800000,96e1b0e5-975b-4c65-8846-d9745cfc29ee,1753782642993,7536610a-7847-4680-8a63-88a7b996207b,1754383887409,7536610a-7847-4680-8a63-88a7b996207b,,
c914beaa-aa38-4739-861f-afa19710c94c,Week 30 DFG 2 (Red Sea),MMAU1420208,1754092800000,1754524800000,44483950-583a-4ed6-ab2a-728eef617106,1753782905598,7536610a-7847-4680-8a63-88a7b996207b,1754383908152,7536610a-7847-4680-8a63-88a7b996207b,,
efe23f3b-5a97-492d-885e-780dda7662cb,Week 24 Flamingo CMA (Red Sea),Week 24 Flamingo,1750464000000,1751068800000,f506971d-8714-41c4-bde4-4ebb03756413,1750396720625,7536610a-7847-4680-8a63-88a7b996207b,1750396720625,7536610a-7847-4680-8a63-88a7b996207b,,
bc7aaa89-57f0-4021-b3f1-4f5afaf826ce,Week 32 Al Lokrit,Week 32 Al Lokrit,1755129600000,1755561600000,4170364e-eff3-4161-825f-6d06f86c6b1a,1754468273681,7536610a-7847-4680-8a63-88a7b996207b,1754468273681,7536610a-7847-4680-8a63-88a7b996207b,,
f899ff4c-f0e1-4b45-953d-caf56bbe1994,Week 24 DFG Nini Maersk (Red Sea),MMAU1418730,1750377600000,1750896000000,96e1b0e5-975b-4c65-8846-d9745cfc29ee,1750149497301,7536610a-7847-4680-8a63-88a7b996207b,1750665933899,7536610a-7847-4680-8a63-88a7b996207b,,
1298c469-3f6a-4001-bea0-54675b22f0a8,Week 31 DFG (Red Sea),MMAU1426700,1754611200000,1755129600000,96e1b0e5-975b-4c65-8846-d9745cfc29ee,1754383961168,7536610a-7847-4680-8a63-88a7b996207b,1754979600363,7536610a-7847-4680-8a63-88a7b996207b,,
1559c183-bee8-446c-bc7b-4f8ff2d826ea,Week 31 DFG  2 (Red Sea),MMAU1422432,1754697600000,1755129600000,44483950-583a-4ed6-ab2a-728eef617106,1754383996900,7536610a-7847-4680-8a63-88a7b996207b,1754979624922,7536610a-7847-4680-8a63-88a7b996207b,,
1dcf55b6-e42a-4faf-ad65-0fa32d40e615,Week 25 DFG Nini (Red Sea),MEDU9704683,1751068800000,1751673600000,b07e5fbf-a2bf-46a7-bc57-8f54a1eff304,1750666023802,7536610a-7847-4680-8a63-88a7b996207b,1751452757586,7536610a-7847-4680-8a63-88a7b996207b,,
656b0e1c-6077-42a6-a0c5-de77048a4e44,Week 25 Flamingo CMA (Red Sea),Week 25 Flamingo,1751155200000,1751673600000,f506971d-8714-41c4-bde4-4ebb03756413,1751013712247,7536610a-7847-4680-8a63-88a7b996207b,1751452821955,7536610a-7847-4680-8a63-88a7b996207b,,
77456a44-bdd2-4a82-8984-e4c33f17df4e,Week 26 Nini (Red Sea) ,MMAU1436020,1751587200000,1752192000000,44483950-583a-4ed6-ab2a-728eef617106,1751616009344,7536610a-7847-4680-8a63-88a7b996207b,1751616009344,7536610a-7847-4680-8a63-88a7b996207b,,
84ce307a-27e4-4f0c-ad58-bc4194c3f867,Week 34 Domus LLC,Week 34 Domus LLC,1756339200000,1756944000000,4170364e-eff3-4161-825f-6d06f86c6b1a,1755065311440,7536610a-7847-4680-8a63-88a7b996207b,1755065311440,7536610a-7847-4680-8a63-88a7b996207b,,
9abfb228-f8fd-4066-acc2-3d32dd933cad,Week 32 DFG (Red Sea),MMAU1445470,1755216000000,1755734400000,96e1b0e5-975b-4c65-8846-d9745cfc29ee,1754979698343,7536610a-7847-4680-8a63-88a7b996207b,1755621678097,7536610a-7847-4680-8a63-88a7b996207b,,
e30faf7a-77e7-4c9d-b4cd-92573300355e,Week 32 DFG 2 (Red Sea),MMAU1443374,1755302400000,1755734400000,44483950-583a-4ed6-ab2a-728eef617106,1754979730415,7536610a-7847-4680-8a63-88a7b996207b,1755621693986,7536610a-7847-4680-8a63-88a7b996207b,,
8c2dbcda-1d98-4b8a-a77d-f422ecf629ce,Week 26 Flamingo CMA (Red Sea),Week 26 Flamingo,1751673600000,1752278400000,f506971d-8714-41c4-bde4-4ebb03756413,1751456148052,7536610a-7847-4680-8a63-88a7b996207b,1752073507938,7536610a-7847-4680-8a63-88a7b996207b,,
0eb99ba6-685d-4d92-b229-2463269bb5c0,Week 27 Flamingo CMA (Red Sea),Week 27 Flamingo,1752019200000,1752710400000,f506971d-8714-41c4-bde4-4ebb03756413,1752073551803,7536610a-7847-4680-8a63-88a7b996207b,1752073551803,7536610a-7847-4680-8a63-88a7b996207b,,
70cef899-570b-472a-9173-41fc809b64b5,Week 27 Al Lokrit,Week 27 Al Lokrit,1752192000000,1752710400000,4170364e-eff3-4161-825f-6d06f86c6b1a,1751974941168,7536610a-7847-4680-8a63-88a7b996207b,1752475124269,7536610a-7847-4680-8a63-88a7b996207b,,
5b9f9c2c-6c45-42c5-bd6d-5b5810fef66f,Week 27 DFG (Red Sea),MMAU1403875,1752192000000,1752710400000,96e1b0e5-975b-4c65-8846-d9745cfc29ee,1751974996567,7536610a-7847-4680-8a63-88a7b996207b,1752484703886,7536610a-7847-4680-8a63-88a7b996207b,,
7c8131e7-f28b-4ddf-8b51-5c481a90d541,Week 27 Nini (Red Sea),MEDU9671450,1752278400000,1752710400000,b07e5fbf-a2bf-46a7-bc57-8f54a1eff304,1751974896708,7536610a-7847-4680-8a63-88a7b996207b,1752484743162,7536610a-7847-4680-8a63-88a7b996207b,,
31f8e61e-f282-4e84-b4fb-e4b7249bee0b,Week 8 DFG (Mums/Carnations),MMAU1433592,1771286400000,1772150400000,96e1b0e5-975b-4c65-8846-d9745cfc29ee,1772454559003,7536610a-7847-4680-8a63-88a7b996207b,1772454589278,7536610a-7847-4680-8a63-88a7b996207b,,
88396e84-9dd3-4970-99e2-ebaf1cff1d7e,Week 33 DFG 2 (Red Sea),Week 33 DFG Farm,1755907200000,1756339200000,44483950-583a-4ed6-ab2a-728eef617106,1755621775629,7536610a-7847-4680-8a63-88a7b996207b,1755773228057,7536610a-7847-4680-8a63-88a7b996207b,1755773228062,7536610a-7847-4680-8a63-88a7b996207b
afc35a1e-d147-4037-8767-3ac11d18dcd9,Week 33 DFG (Red Sea),MMAU1437031,1755820800000,1756339200000,96e1b0e5-975b-4c65-8846-d9745cfc29ee,1755621745390,7536610a-7847-4680-8a63-88a7b996207b,1756200507643,7536610a-7847-4680-8a63-88a7b996207b,,
8905c990-f2ea-45c3-9ac0-fad4b1de3202,Week 48 DFG (Spray Carnations/Roses),MMAU1397793,1764892800000,1765497600000,96e1b0e5-975b-4c65-8846-d9745cfc29ee,1764681431625,7536610a-7847-4680-8a63-88a7b996207b,1765270246420,7536610a-7847-4680-8a63-88a7b996207b,,
761e3f35-cf43-4b78-be09-2a8428ffa921,Week 35 DFG (Red Sea),MMAU1445058,1757030400000,1757548800000,96e1b0e5-975b-4c65-8846-d9745cfc29ee,1756715298513,7536610a-7847-4680-8a63-88a7b996207b,1757349033299,7536610a-7847-4680-8a63-88a7b996207b,,
6e5c6dd5-e227-4ef3-90b5-4b1b05010b7b,Week 34 DFG (Red Sea),MMAU1433355,1756425600000,1756944000000,96e1b0e5-975b-4c65-8846-d9745cfc29ee,1756200537959,7536610a-7847-4680-8a63-88a7b996207b,1757349101893,7536610a-7847-4680-8a63-88a7b996207b,,
50228ca4-ea50-4b40-8881-2bc8f6451fba,Week 38 DFG (Red Sea),MMAU1427331,1758931200000,1759449600000,44483950-583a-4ed6-ab2a-728eef617106,1758528661750,7536610a-7847-4680-8a63-88a7b996207b,1759143555109,7536610a-7847-4680-8a63-88a7b996207b,,
6328b4f4-7ed5-4617-a6b2-09a81f22f823,Week 38 DFG (Red Sea),MMAU1364676,1758844800000,1759449600000,96e1b0e5-975b-4c65-8846-d9745cfc29ee,1758528545005,7536610a-7847-4680-8a63-88a7b996207b,1759143574124,7536610a-7847-4680-8a63-88a7b996207b,,
3c88c657-0ae1-4eb9-85a9-049d5caa5317,Week 37 DFG (Red Sea),MMAU1432180,1758240000000,1758844800000,96e1b0e5-975b-4c65-8846-d9745cfc29ee,1757929386057,7536610a-7847-4680-8a63-88a7b996207b,1759143615322,7536610a-7847-4680-8a63-88a7b996207b,,
95fc6d12-18ac-4272-a8fc-dd5b2f78810f,Week 36 DFG (Red Sea),MMAU1437290,1757635200000,1758240000000,96e1b0e5-975b-4c65-8846-d9745cfc29ee,1757349072005,7536610a-7847-4680-8a63-88a7b996207b,1759143655574,7536610a-7847-4680-8a63-88a7b996207b,,
1f297692-79c5-469d-9f60-a13e108289d5,Week 39 DFG (Red Sea),MMAU1379995,1759449600000,1760054400000,96e1b0e5-975b-4c65-8846-d9745cfc29ee,1759143727766,7536610a-7847-4680-8a63-88a7b996207b,1759827767993,7536610a-7847-4680-8a63-88a7b996207b,,
2c8317e4-e98f-4f0e-a485-45332ac42565,Week 39 DFG (Red Sea),MMAU1445818,1759536000000,1760054400000,44483950-583a-4ed6-ab2a-728eef617106,1759143765560,7536610a-7847-4680-8a63-88a7b996207b,1759827789288,7536610a-7847-4680-8a63-88a7b996207b,,
d7b01d9b-cf7c-4d6d-9fd3-39fc08510e51,Week 40 DFG (Red Sea),MMAU1415686,1760140800000,1760659200000,44483950-583a-4ed6-ab2a-728eef617106,1759734159224,7536610a-7847-4680-8a63-88a7b996207b,1761044661442,7536610a-7847-4680-8a63-88a7b996207b,,
3d5a8d5e-1681-43e7-a1a6-e27c59162c3e,Week 40 DFG (Red Sea),MMAU1439100,1760054400000,1760659200000,96e1b0e5-975b-4c65-8846-d9745cfc29ee,1759734205480,7536610a-7847-4680-8a63-88a7b996207b,1761044683630,7536610a-7847-4680-8a63-88a7b996207b,,
eea3382f-d5fa-4009-8579-d690c424b4ee,Week 41 DFG (Red Sea),MMAU1446563,1760745600000,1761264000000,44483950-583a-4ed6-ab2a-728eef617106,1760441254193,7536610a-7847-4680-8a63-88a7b996207b,1761044704616,7536610a-7847-4680-8a63-88a7b996207b,,
7c961a98-8b6a-416b-9ec3-a02e2cdb3f9b,Week 41 DFG (Red Sea),MMAU1439986,1760659200000,1761264000000,96e1b0e5-975b-4c65-8846-d9745cfc29ee,1760441277803,7536610a-7847-4680-8a63-88a7b996207b,1761044745029,7536610a-7847-4680-8a63-88a7b996207b,,
cdedd0d1-19a4-40a4-9684-01eb879d67c8,Week 42 DFG (Red Sea),Week 42 DFG Airflo,1761264000000,1761868800000,96e1b0e5-975b-4c65-8846-d9745cfc29ee,1761046064623,7536610a-7847-4680-8a63-88a7b996207b,1761046064623,7536610a-7847-4680-8a63-88a7b996207b,,
8d17c3a2-f870-4f65-ba64-305a4a1b0711,Week 42 DFG (Red Sea),MMAU398866,1761350400000,1761868800000,44483950-583a-4ed6-ab2a-728eef617106,1761044782126,7536610a-7847-4680-8a63-88a7b996207b,1761561504044,7536610a-7847-4680-8a63-88a7b996207b,,
828f9389-6751-4d8b-8df6-3135be5de7f3,Week 44 Flamingo,Week 44 Flamingo,1762560000000,1763078400000,44483950-583a-4ed6-ab2a-728eef617106,1762269376747,7536610a-7847-4680-8a63-88a7b996207b,1762269376747,7536610a-7847-4680-8a63-88a7b996207b,,
445dc7f7-936f-425f-b988-a96cc82c7744,Week 43 DFG (Red Sea),MMAU1389252,1761955200000,1762473600000,44483950-583a-4ed6-ab2a-728eef617106,1761560955574,7536610a-7847-4680-8a63-88a7b996207b,1762419264440,7536610a-7847-4680-8a63-88a7b996207b,,
d3474b9d-065f-42eb-9b8e-bf1a0e891264,Week 45 Flamingo,Week 45 Flamingo ,1763078400000,1763683200000,44483950-583a-4ed6-ab2a-728eef617106,1762860909324,7536610a-7847-4680-8a63-88a7b996207b,1762860926365,7536610a-7847-4680-8a63-88a7b996207b,,
4856b0cf-2759-48bc-bbec-a3c4c57979c1,Week 45 DFG Airflo,MMAU1430464,1763078400000,1763683200000,96e1b0e5-975b-4c65-8846-d9745cfc29ee,1763121026560,7536610a-7847-4680-8a63-88a7b996207b,1763457254930,7536610a-7847-4680-8a63-88a7b996207b,,
98f5dc0f-9920-481e-a727-70686a69cc29,Week 45 DFG (Red Sea),MMAU1392739,1763164800000,1763683200000,44483950-583a-4ed6-ab2a-728eef617106,1762860961016,7536610a-7847-4680-8a63-88a7b996207b,1763457275610,7536610a-7847-4680-8a63-88a7b996207b,,
f8109bfb-7d5e-485a-b20e-85292a17fc90,Week 44 DFG (Red Sea),MMAU1434027,1762560000000,1763078400000,44483950-583a-4ed6-ab2a-728eef617106,1762245671980,7536610a-7847-4680-8a63-88a7b996207b,1763457306532,7536610a-7847-4680-8a63-88a7b996207b,,
78411490-d861-447a-a10e-3a36ab6e027b,Week 46 Flamingo,Week 46 Flamingo,1763683200000,1764288000000,44483950-583a-4ed6-ab2a-728eef617106,1763560133099,7536610a-7847-4680-8a63-88a7b996207b,1763560133099,7536610a-7847-4680-8a63-88a7b996207b,,
6967b66f-6317-49ea-bca1-68ddf1517406,Week 47 Zami,Week 47 Zami,1764374400000,1764892800000,c647781a-c639-4427-988f-2c2193e573c9,1764048241009,7536610a-7847-4680-8a63-88a7b996207b,1764048241009,7536610a-7847-4680-8a63-88a7b996207b,,
e7ed776d-15fc-471d-961a-7f4209ed8178,Week 46 DFG (100% Roses),MMAU139850,1763769600000,1764288000000,44483950-583a-4ed6-ab2a-728eef617106,1763385095581,7536610a-7847-4680-8a63-88a7b996207b,1764067502236,7536610a-7847-4680-8a63-88a7b996207b,,
e542feb9-0383-43db-b80b-2790fd8f440a,Week 46 DFG (100% Spray Carnations),MMAU1392718,1763683200000,1764288000000,96e1b0e5-975b-4c65-8846-d9745cfc29ee,1764067546546,7536610a-7847-4680-8a63-88a7b996207b,1764067546546,7536610a-7847-4680-8a63-88a7b996207b,,
9463938a-a70d-4ec8-ab48-a1f6ff114a2f,Week 47 Flamingo 1,Week 47 Flamingo 1,1764460800000,1764892800000,44483950-583a-4ed6-ab2a-728eef617106,1764069394856,7536610a-7847-4680-8a63-88a7b996207b,1764069394856,7536610a-7847-4680-8a63-88a7b996207b,,
7bd1ae33-e4cb-4b8a-8e6f-279065acc4ed,Week 47 Flamingo 2,Week 47 Flamingo 2,1764460800000,1764892800000,44483950-583a-4ed6-ab2a-728eef617106,1764069415391,7536610a-7847-4680-8a63-88a7b996207b,1764069415391,7536610a-7847-4680-8a63-88a7b996207b,,
f6e77824-865d-4b40-b9da-2fdede8ac34f,Week 47 DFG (Spray Carnations/Roses),MMAU1374062,1764288000000,1764892800000,96e1b0e5-975b-4c65-8846-d9745cfc29ee,1764048990787,7536610a-7847-4680-8a63-88a7b996207b,1764681341249,7536610a-7847-4680-8a63-88a7b996207b,,
0d5f34f2-0188-47f4-997f-ab0c14f31789,Week 47 DFG (100% Roses),MMAU1384646,1764374400000,1764892800000,44483950-583a-4ed6-ab2a-728eef617106,1764048595024,7536610a-7847-4680-8a63-88a7b996207b,1764681357126,7536610a-7847-4680-8a63-88a7b996207b,,
d073270a-81dc-4ca4-b8d2-b73778356440,Week 47 DFG (100% Carnations),MMAU1443142,1764288000000,1764892800000,96e1b0e5-975b-4c65-8846-d9745cfc29ee,1764067380888,7536610a-7847-4680-8a63-88a7b996207b,1764681372677,7536610a-7847-4680-8a63-88a7b996207b,,
c9ea6056-054f-45d7-a088-005818107773,Week 48 Flamingo 1,Week 48 Flamingo 1,1764892800000,1765497600000,44483950-583a-4ed6-ab2a-728eef617106,1764683193162,7536610a-7847-4680-8a63-88a7b996207b,1764683193162,7536610a-7847-4680-8a63-88a7b996207b,,
2b69f505-6515-47fc-b9a9-51ca418fc539,Week 48 Flamingo 2,Week 48 Flamingo 2,1764892800000,1765497600000,44483950-583a-4ed6-ab2a-728eef617106,1764683215384,7536610a-7847-4680-8a63-88a7b996207b,1764683215384,7536610a-7847-4680-8a63-88a7b996207b,,
5a4b89a6-0c04-47d4-aefb-1b5b9ba85417,Week 49 Flamingo 1,Week 49 Flamingo 1 ,1765584000000,1766102400000,44483950-583a-4ed6-ab2a-728eef617106,1765219883204,7536610a-7847-4680-8a63-88a7b996207b,1765219893469,7536610a-7847-4680-8a63-88a7b996207b,,
39586722-7995-49b4-8da9-c141668ee084,Week 49 Fresco,Week 49 Fresco,1765584000000,1766102400000,f7f7ace9-81b7-42c0-8886-08ae6dfd149d,1765220149917,7536610a-7847-4680-8a63-88a7b996207b,1765220252161,7536610a-7847-4680-8a63-88a7b996207b,,
5dcc879a-556b-4e37-ba9c-a4aca1356156,Week 49 Zami,Week 49 Zami,1765497600000,1766102400000,f7f7ace9-81b7-42c0-8886-08ae6dfd149d,1765200784249,7536610a-7847-4680-8a63-88a7b996207b,1765220273400,7536610a-7847-4680-8a63-88a7b996207b,,
d3a65a29-d1ae-4caa-8d5c-b7a81a8b96e8,Week 48 Zami,Week 48 Zami,1764979200000,1765497600000,f7f7ace9-81b7-42c0-8886-08ae6dfd149d,1764567017325,7536610a-7847-4680-8a63-88a7b996207b,1765220293440,7536610a-7847-4680-8a63-88a7b996207b,,
9f47f74f-461f-4f44-8350-dd5846beef15,Week 50 Fresco,Week 50 Fresco,1766016000000,1766707200000,f7f7ace9-81b7-42c0-8886-08ae6dfd149d,1765220358954,7536610a-7847-4680-8a63-88a7b996207b,1765220358954,7536610a-7847-4680-8a63-88a7b996207b,,
128a6a42-a318-43b5-93a7-65c601bff4f7,Week 48 DFG (Roses/Sprays/Phlox),MMAU1393801,1764979200000,1765497600000,44483950-583a-4ed6-ab2a-728eef617106,1764681476117,7536610a-7847-4680-8a63-88a7b996207b,1765270176702,7536610a-7847-4680-8a63-88a7b996207b,,
2a2c191b-969c-4153-8c7c-f201d9d5a5a7,Week 51 Fresco,Week 51 Fresco,1766620800000,1767312000000,f7f7ace9-81b7-42c0-8886-08ae6dfd149d,1765220424098,7536610a-7847-4680-8a63-88a7b996207b,1765220424098,7536610a-7847-4680-8a63-88a7b996207b,,
f1aaf840-9704-4435-9493-08fb8b7cab3b,Week 50 Zami,Week 50 Zami,1766102400000,1766707200000,f7f7ace9-81b7-42c0-8886-08ae6dfd149d,1765614020611,7536610a-7847-4680-8a63-88a7b996207b,1765614020611,7536610a-7847-4680-8a63-88a7b996207b,,
9b9ccdbd-5a93-4244-9d1c-633546407114,Week 10 DFG (Mums/Carnations),MMAU1426530,1772668800000,1773360000000,96e1b0e5-975b-4c65-8846-d9745cfc29ee,1772454793321,7536610a-7847-4680-8a63-88a7b996207b,1773731240068,7536610a-7847-4680-8a63-88a7b996207b,,
66507030-c268-4e88-9dc0-08fe71693a06,Week 48 DFG (100% Spray Carnations),MMAU1424203,1764892800000,1765497600000,96e1b0e5-975b-4c65-8846-d9745cfc29ee,1764681511526,7536610a-7847-4680-8a63-88a7b996207b,1765270144913,7536610a-7847-4680-8a63-88a7b996207b,,
987d49d6-3dc2-4ae2-8724-d673918aedb1,Week 11 DFG (100% Roses),MMAU1413446,1773273600000,1773964800000,96e1b0e5-975b-4c65-8846-d9745cfc29ee,1773732115741,7536610a-7847-4680-8a63-88a7b996207b,1773732115741,7536610a-7847-4680-8a63-88a7b996207b,,
31528e9b-aa61-479c-9f9f-9645ec26a9ac,Week 51 Zami,Week 51 Zami,1766707200000,1767312000000,f7f7ace9-81b7-42c0-8886-08ae6dfd149d,1766125240525,7536610a-7847-4680-8a63-88a7b996207b,1766125240525,7536610a-7847-4680-8a63-88a7b996207b,,
36732f5e-1eb7-4865-b42f-ed33ed9a6f02,Week 49 (100% Spray Carnations),MMAU1396400,1765497600000,1766102400000,96e1b0e5-975b-4c65-8846-d9745cfc29ee,1765270582662,7536610a-7847-4680-8a63-88a7b996207b,1766394613608,7536610a-7847-4680-8a63-88a7b996207b,,
ed11a7a9-fa67-4943-84a5-024671be01a3,Week 49 DFG (Roses/Spray Carnations/Phlox),MMAU1374545,1765584000000,1766102400000,44483950-583a-4ed6-ab2a-728eef617106,1765270521822,7536610a-7847-4680-8a63-88a7b996207b,1766394632814,7536610a-7847-4680-8a63-88a7b996207b,,
7a42c805-0740-4572-8b73-d8c387490ada,Week 49 DFG (Spray Carnations/Roses),MMAU1431100,1765497600000,1766102400000,96e1b0e5-975b-4c65-8846-d9745cfc29ee,1765270412626,7536610a-7847-4680-8a63-88a7b996207b,1766394652953,7536610a-7847-4680-8a63-88a7b996207b,,
4482e19d-d7e4-4899-9657-03db91656b31,Week 50 DFG (Roses/Phlox),MMAU1424944,1765929600000,1766620800000,44483950-583a-4ed6-ab2a-728eef617106,1765866230144,7536610a-7847-4680-8a63-88a7b996207b,1766395152838,7536610a-7847-4680-8a63-88a7b996207b,,
5e463531-cfee-4a7a-83e4-d8f510c9c646,Week 51 Xpol,Week 51 Xpol,1766707200000,1767312000000,96e1b0e5-975b-4c65-8846-d9745cfc29ee,1766396933797,7536610a-7847-4680-8a63-88a7b996207b,1766396933797,7536610a-7847-4680-8a63-88a7b996207b,,
9878d504-66b9-477a-b3fd-cb66dd6dbdb0,Week 51 DFG Nini (Roses/Phlox),MMAU1403113,1766534400000,1767225600000,44483950-583a-4ed6-ab2a-728eef617106,1766567027110,7536610a-7847-4680-8a63-88a7b996207b,1767004966185,7536610a-7847-4680-8a63-88a7b996207b,,
501c83cb-5bfd-4b61-acf5-7d3f8e4b98c0,Week 51 DFG Airflo VIA DUBAI (100% Roses),MMAU1402098,1766620800000,1767225600000,96e1b0e5-975b-4c65-8846-d9745cfc29ee,1766398493961,7536610a-7847-4680-8a63-88a7b996207b,1767005032115,7536610a-7847-4680-8a63-88a7b996207b,,
602fad63-ecd6-4d0d-b04b-848f1da3415b,Week 51 DFG (100% Spray Carnations),MMAU1401872,1766707200000,1767225600000,96e1b0e5-975b-4c65-8846-d9745cfc29ee,1766566829441,7536610a-7847-4680-8a63-88a7b996207b,1767005056775,7536610a-7847-4680-8a63-88a7b996207b,,
e47df9d9-0114-4d6e-b4f7-412a259bea64,Week 51 DFG Nini (Roses/Spray Carnations/Phlox),MMAU1414437,1766793600000,1767225600000,44483950-583a-4ed6-ab2a-728eef617106,1766398432504,7536610a-7847-4680-8a63-88a7b996207b,1767005086739,7536610a-7847-4680-8a63-88a7b996207b,,
b556a353-8e37-450c-94ec-3fda77cd605f,Week 50 DFG 100% Spray Carnations,MMAU1420609,1766102400000,1766620800000,96e1b0e5-975b-4c65-8846-d9745cfc29ee,1766395112515,7536610a-7847-4680-8a63-88a7b996207b,1767005164866,7536610a-7847-4680-8a63-88a7b996207b,,
394d318e-9711-4918-b770-dde7c6a0b889,Week 50 DFG Airflo (100% Roses),MMAU1384610,1766275200000,1766620800000,96e1b0e5-975b-4c65-8846-d9745cfc29ee,1765894042911,7536610a-7847-4680-8a63-88a7b996207b,1767005185693,7536610a-7847-4680-8a63-88a7b996207b,,
2f4b5739-4241-4591-bb78-2474e7bdf517,Week 50 DFG (Roses/Spray Carnations/Phlox),MMAU1407398,1766275200000,1766620800000,44483950-583a-4ed6-ab2a-728eef617106,1765866346907,7536610a-7847-4680-8a63-88a7b996207b,1767005200870,7536610a-7847-4680-8a63-88a7b996207b,,
f193edb6-e0a9-46f0-9201-af3157406c3d,Week 52 Zami Sea by Air (Shalimar),Week 52 Zami Sea by Air (Shalimar),1767312000000,1767916800000,f7f7ace9-81b7-42c0-8886-08ae6dfd149d,1767005803579,7536610a-7847-4680-8a63-88a7b996207b,1767005803579,7536610a-7847-4680-8a63-88a7b996207b,,
ddff87ae-72de-4264-b6e6-50808e9a82d8,"Week 52 Zami Sea by Air (Aquila, Branan, Windsor, Everflora)","Week 52 Zami Sea by Air (Aquila, Branan, Windsor, Everflora)",1767312000000,1767916800000,f7f7ace9-81b7-42c0-8886-08ae6dfd149d,1767005884731,7536610a-7847-4680-8a63-88a7b996207b,1767005884731,7536610a-7847-4680-8a63-88a7b996207b,,
d55a8e13-2896-4573-930a-1d96ea1880d3,Week 52 VDB,Week 52 VDB,1767398400000,1767916800000,44483950-583a-4ed6-ab2a-728eef617106,1767079123707,7536610a-7847-4680-8a63-88a7b996207b,1767079123707,7536610a-7847-4680-8a63-88a7b996207b,,
341c5b2f-e1a9-4aa8-aceb-d53ab787f7f5,Week 51 VDB,Week 51 VDB,1766707200000,1767312000000,44483950-583a-4ed6-ab2a-728eef617106,1765894240516,7536610a-7847-4680-8a63-88a7b996207b,1767079139458,7536610a-7847-4680-8a63-88a7b996207b,,
c2336d9c-ea08-429e-8597-95080078a325,Week 2 Zami Sea by Air (Shalimar),Week 2 Zami Sea by Air (Shalimar),1767830400000,1768435200000,f7f7ace9-81b7-42c0-8886-08ae6dfd149d,1767604276271,7536610a-7847-4680-8a63-88a7b996207b,1767604276271,7536610a-7847-4680-8a63-88a7b996207b,,
bb6a6a88-f355-4813-9df6-9e01ff39c378,Week 2 Zami Sea by Air (2),Week 2 Zami Sea by Air (2),1767830400000,1768435200000,f7f7ace9-81b7-42c0-8886-08ae6dfd149d,1767604309137,7536610a-7847-4680-8a63-88a7b996207b,1767604309137,7536610a-7847-4680-8a63-88a7b996207b,,
8f36d538-b4f2-49e7-b0f2-bed4c5b82e17,Week 2 VDB,Week 2 VDB,1768003200000,1768435200000,44483950-583a-4ed6-ab2a-728eef617106,1767778918921,7536610a-7847-4680-8a63-88a7b996207b,1767778918921,7536610a-7847-4680-8a63-88a7b996207b,,
03347ada-830b-4ff8-b043-9060234492b7,Week 52 DFG Nini (Roses/Spray Carnations/Phlox),MMAU1373786,1767398400000,1767830400000,44483950-583a-4ed6-ab2a-728eef617106,1767005288087,7536610a-7847-4680-8a63-88a7b996207b,1767865339286,7536610a-7847-4680-8a63-88a7b996207b,,
d06a1015-079e-448f-8b28-d0f109a56014,Week 52 DFG Airflo (100% Roses),MMAU1382031,1767312000000,1767830400000,96e1b0e5-975b-4c65-8846-d9745cfc29ee,1767005384351,7536610a-7847-4680-8a63-88a7b996207b,1767865368187,7536610a-7847-4680-8a63-88a7b996207b,,
cddf9bd4-8135-44df-899d-dd9751060304,Week 52 DFG Airflo (Spray Carnations/Roses),MMAU1380553,1767312000000,1767830400000,96e1b0e5-975b-4c65-8846-d9745cfc29ee,1767005345342,7536610a-7847-4680-8a63-88a7b996207b,1767865395311,7536610a-7847-4680-8a63-88a7b996207b,,
9a6c29fc-2ec6-4726-bc99-2bfe0dc04ce2,Week 2 DFG Nini (Roses/Spray Carnations/Phlox),MMAU1426504,1768003200000,1768435200000,44483950-583a-4ed6-ab2a-728eef617106,1767605135899,7536610a-7847-4680-8a63-88a7b996207b,1767865459992,7536610a-7847-4680-8a63-88a7b996207b,,
3ec86c1a-afef-410b-b129-bc7404b0add4,Week 2 DFG (Carnations/Roses),MMAU1372270,1767916800000,1768435200000,96e1b0e5-975b-4c65-8846-d9745cfc29ee,1767605161695,7536610a-7847-4680-8a63-88a7b996207b,1767865882765,7536610a-7847-4680-8a63-88a7b996207b,,
386a7ad4-30b7-4de3-a280-71901582dcea,Week 2 DFG (Carnations/Roses),MMAU1391012,1767744000000,1768435200000,96e1b0e5-975b-4c65-8846-d9745cfc29ee,1767865923826,7536610a-7847-4680-8a63-88a7b996207b,1767865923826,7536610a-7847-4680-8a63-88a7b996207b,,
e1c8a957-f70b-4ca1-8146-0d5801736ae1,Week 2 DFG (Carnations/Roses),MMAU1418812,1768003200000,1768435200000,96e1b0e5-975b-4c65-8846-d9745cfc29ee,1767865850502,7536610a-7847-4680-8a63-88a7b996207b,1767866132880,7536610a-7847-4680-8a63-88a7b996207b,,
ea93f3ec-ced4-42a5-950a-91ec5e42a393,Week 2 Xpol,Week 2 Xpol,1767830400000,1768435200000,96e1b0e5-975b-4c65-8846-d9745cfc29ee,1767604704208,7536610a-7847-4680-8a63-88a7b996207b,1768044831719,d6cbdf10-0e28-4035-9ccf-109293804a9f,,
c65b5215-9212-4212-a25b-e0f341e38659,Week 3 Xpol,Week 3 Xpol,1768435200000,1769126400000,96e1b0e5-975b-4c65-8846-d9745cfc29ee,1768385179695,7536610a-7847-4680-8a63-88a7b996207b,1768385179695,7536610a-7847-4680-8a63-88a7b996207b,,
b241e3b8-379d-4914-95c4-f27b868f5a45,Week 3 Zami,Week 3 Zami,1768521600000,1769126400000,f7f7ace9-81b7-42c0-8886-08ae6dfd149d,1768379812488,7536610a-7847-4680-8a63-88a7b996207b,1768500924786,e993ecc1-f73d-4841-99c6-97aa32045932,,
61eba5fb-d4e3-4554-a9e1-69f277f2dc76,Week 3 DFG (100% Roses),MMAU1443230,1768521600000,1769126400000,44483950-583a-4ed6-ab2a-728eef617106,1768285393889,7536610a-7847-4680-8a63-88a7b996207b,1768933374496,7536610a-7847-4680-8a63-88a7b996207b,,
fb6a6e8d-4fde-4778-9488-9d85188b4cf9,Week 3 DFG (100% Carnations),MMAU1433329,1768521600000,1769126400000,96e1b0e5-975b-4c65-8846-d9745cfc29ee,1768285343572,7536610a-7847-4680-8a63-88a7b996207b,1768933391351,7536610a-7847-4680-8a63-88a7b996207b,,
aadc7587-faf8-4f30-8956-7ebe8e37195f,Week 3 DFG (Carnations/Roses),MMAU1375618,1768608000000,1769126400000,96e1b0e5-975b-4c65-8846-d9745cfc29ee,1768285148726,7536610a-7847-4680-8a63-88a7b996207b,1768933415314,7536610a-7847-4680-8a63-88a7b996207b,,
73f0224f-59c9-432f-85ca-424d521350f9,Week 3 DFG (Roses/Spray Carnations/Phlox),MMAU1388385,1768694400000,1769126400000,44483950-583a-4ed6-ab2a-728eef617106,1768285097662,7536610a-7847-4680-8a63-88a7b996207b,1768933431550,7536610a-7847-4680-8a63-88a7b996207b,,
e37509f1-338f-4b60-af2f-7faa76e6204e,Week 3 Flamingo UK,Week 3 Flamingo UK,1768608000000,1769126400000,44483950-583a-4ed6-ab2a-728eef617106,1768542013591,7536610a-7847-4680-8a63-88a7b996207b,1768542013591,7536610a-7847-4680-8a63-88a7b996207b,,
c19d49e3-091e-4958-a2c8-a384a3d8b69d,Week 3 DFG (100% Roses 2),MMAU1355479,1768348800000,1769126400000,44483950-583a-4ed6-ab2a-728eef617106,1768285485115,7536610a-7847-4680-8a63-88a7b996207b,1768933356315,7536610a-7847-4680-8a63-88a7b996207b,,
f49c18e1-808f-417e-a52d-9ea3ccad4acc,Week 8 DFG (Carnations/Roses),MMAU1432549,1771372800000,1772150400000,44483950-583a-4ed6-ab2a-728eef617106,1771047959730,7536610a-7847-4680-8a63-88a7b996207b,1772454430564,7536610a-7847-4680-8a63-88a7b996207b,,
3a7e18a6-7b23-46c4-9411-0aa7f299a71d,Week 8 DFG (100% Roses),MMAU1427861,1771200000000,1772150400000,44483950-583a-4ed6-ab2a-728eef617106,1771047921229,7536610a-7847-4680-8a63-88a7b996207b,1772454498658,7536610a-7847-4680-8a63-88a7b996207b,,
f9a5b2c5-1607-4476-bafe-6b07cdb8f24b,Week 4 Domus Sea By Air,Week 4 Domus Sea By Air,1769126400000,1769731200000,4170364e-eff3-4161-825f-6d06f86c6b1a,1768936198422,7536610a-7847-4680-8a63-88a7b996207b,1768936216870,7536610a-7847-4680-8a63-88a7b996207b,,
fe8eba0d-90c8-4c4a-8163-7db70f19195d,Week 4 DFG (100% Roses),MMAU1439754,1769126400000,1769731200000,44483950-583a-4ed6-ab2a-728eef617106,1768933540972,7536610a-7847-4680-8a63-88a7b996207b,1769667617240,7536610a-7847-4680-8a63-88a7b996207b,,
6434c6b0-8efd-4305-b82b-c0897baea56c,Week 4 DFG (100% Carnations),MMAU1445021,1769126400000,1769731200000,96e1b0e5-975b-4c65-8846-d9745cfc29ee,1768933507760,7536610a-7847-4680-8a63-88a7b996207b,1769667652616,7536610a-7847-4680-8a63-88a7b996207b,,
c7244b23-4c03-44b4-902e-7602c1d8035d,Week 4 DFG (Roses/Spray Carnations/Phlox),MMAU1444180,1769299200000,1769731200000,44483950-583a-4ed6-ab2a-728eef617106,1768933474989,7536610a-7847-4680-8a63-88a7b996207b,1769667665084,7536610a-7847-4680-8a63-88a7b996207b,,
7bf3b879-be27-4102-afdc-cf69cdd60038,Week 9 DFG (100% Roses),MMAU1415177,1771977600000,1772755200000,44483950-583a-4ed6-ab2a-728eef617106,1771865650819,7536610a-7847-4680-8a63-88a7b996207b,1772454645723,7536610a-7847-4680-8a63-88a7b996207b,,
6449e51d-9e5d-4cca-84a7-1e526daa6ba1,Week 9 DFG (Carnations/Mums),MMAU1392852,1771891200000,1772755200000,96e1b0e5-975b-4c65-8846-d9745cfc29ee,1771865673883,7536610a-7847-4680-8a63-88a7b996207b,1772454734769,7536610a-7847-4680-8a63-88a7b996207b,,
f62336a3-dfdc-454b-af8f-97a779a2810c,Week 11 VDB,Week 11 VDB,1773273600000,1773878400000,44483950-583a-4ed6-ab2a-728eef617106,1773240007269,7536610a-7847-4680-8a63-88a7b996207b,1773240007269,7536610a-7847-4680-8a63-88a7b996207b,,
e69c44b7-2b68-4c2b-bb70-d4e91956b87c,Week 12 VDB,Week 12 VDB,1773878400000,1774483200000,44483950-583a-4ed6-ab2a-728eef617106,1773729954542,7536610a-7847-4680-8a63-88a7b996207b,1773729954542,7536610a-7847-4680-8a63-88a7b996207b,,
c6ab8ea8-4224-472e-a63b-7590a4f1c4e3,Week 11 DFG (100% Carnations),MMAU1408178,1773273600000,1773964800000,96e1b0e5-975b-4c65-8846-d9745cfc29ee,1773732158384,7536610a-7847-4680-8a63-88a7b996207b,1773732158384,7536610a-7847-4680-8a63-88a7b996207b,,
14f328c2-5236-47db-945b-d7d487ca345e,Week 5 DFG (100% Roses),MMAU1407680,1769644800000,1770336000000,44483950-583a-4ed6-ab2a-728eef617106,1769667784054,7536610a-7847-4680-8a63-88a7b996207b,1770112768770,7536610a-7847-4680-8a63-88a7b996207b,,
34cc11c5-bd8d-4edf-a8b9-a00ef49def6b,Week 5 DFG (Roses/Carnations),MMAU1402349,1769731200000,1770940800000,96e1b0e5-975b-4c65-8846-d9745cfc29ee,1769331205410,7536610a-7847-4680-8a63-88a7b996207b,1770112821463,7536610a-7847-4680-8a63-88a7b996207b,,
f4ac7eb4-0247-450a-8518-f1e104a78593,Week 5 DFG (Roses/ Spray Carnations/Phlox),CANCELLED,1769817600000,1770336000000,44483950-583a-4ed6-ab2a-728eef617106,1769667824473,7536610a-7847-4680-8a63-88a7b996207b,1770112844692,7536610a-7847-4680-8a63-88a7b996207b,,
8368ac4a-9dfa-45de-a975-c8c285b582b2,Week 12 DFG (Roses/Carnations/Phlox),MMAU1420527,1773792000000,1774656000000,44483950-583a-4ed6-ab2a-728eef617106,1773732281805,7536610a-7847-4680-8a63-88a7b996207b,1774308818638,7536610a-7847-4680-8a63-88a7b996207b,,
e91d1112-1f1c-4084-a9e1-3c035aa4571a,Week 12 DFG (Alstros/Carnations),MMAU1394217,1773878400000,1774656000000,96e1b0e5-975b-4c65-8846-d9745cfc29ee,1773732232223,7536610a-7847-4680-8a63-88a7b996207b,1774308856576,7536610a-7847-4680-8a63-88a7b996207b,,
7cb2a9d0-a7a5-4f4d-85ba-efc61a21f74d,Week 12 DFG (100% Roses),MMAU1388439,1773964800000,1774656000000,44483950-583a-4ed6-ab2a-728eef617106,1773732203223,7536610a-7847-4680-8a63-88a7b996207b,1774308887273,7536610a-7847-4680-8a63-88a7b996207b,,
01c154ef-52cd-46e9-9dd6-fe6bff94ad83,Week 7 DFG (Mums/Carnations),MMAU1432472,1770681600000,1771545600000,96e1b0e5-975b-4c65-8846-d9745cfc29ee,1770725982868,7536610a-7847-4680-8a63-88a7b996207b,1770794263877,7536610a-7847-4680-8a63-88a7b996207b,,
e37ad041-a271-4624-88d2-25d41f185c42,Week 7 DFG (100% Roses),MMAU1432549,1770595200000,1771545600000,44483950-583a-4ed6-ab2a-728eef617106,1770186602768,7536610a-7847-4680-8a63-88a7b996207b,1770794288159,7536610a-7847-4680-8a63-88a7b996207b,,
9687d8d5-7dee-4038-9a71-51ff2fbe26a1,Week 7 DFG (FFS),Week 7 DFG (FFS),1770508800000,1770940800000,44483950-583a-4ed6-ab2a-728eef617106,1770103018520,7536610a-7847-4680-8a63-88a7b996207b,1770794395380,7536610a-7847-4680-8a63-88a7b996207b,1770794395381,7536610a-7847-4680-8a63-88a7b996207b
fadaf420-2bd5-4de7-b6aa-8044532e3b66,Week 7 DFG (Roses/Spray Carnations),MMAU1339945,1770768000000,1771545600000,44483950-583a-4ed6-ab2a-728eef617106,1770725892883,7536610a-7847-4680-8a63-88a7b996207b,1770794432829,7536610a-7847-4680-8a63-88a7b996207b,,
e4c0dad7-7ec0-490d-8288-58ad7a7ca566,Week 13 VDB,Week 13 VDB,1774483200000,1775260800000,44483950-583a-4ed6-ab2a-728eef617106,1774227530979,7536610a-7847-4680-8a63-88a7b996207b,1774309127725,7536610a-7847-4680-8a63-88a7b996207b,,
e9893251-3134-4610-9b9f-3fd05e0bb756,Week 13 Mount Elgon 2,Week 13 Mount Elgon 2,1774569600000,1775260800000,44483950-583a-4ed6-ab2a-728eef617106,1774310169034,7536610a-7847-4680-8a63-88a7b996207b,1774310169034,7536610a-7847-4680-8a63-88a7b996207b,,
dcaa624d-1fb9-4507-a96d-cca538de40f2,Week 13 Mount Elgon,Week 13 Mount Elgon,1774483200000,1775260800000,44483950-583a-4ed6-ab2a-728eef617106,1774310127906,7536610a-7847-4680-8a63-88a7b996207b,1774440693876,7536610a-7847-4680-8a63-88a7b996207b,,
2bba499c-cefa-4aa3-8cec-9336b9e7ffce,Week 13 DFG (Roses/Carnations/Phlox),MMAU1401635,1774396800000,1775260800000,44483950-583a-4ed6-ab2a-728eef617106,1774309105311,7536610a-7847-4680-8a63-88a7b996207b,1774858257946,7536610a-7847-4680-8a63-88a7b996207b,,
a0b32ee1-abae-43aa-88e0-00ee2cacc07b,Week 13 DFG (Carnations/Alstro/Mums),MMAU1331292,1774483200000,1775260800000,96e1b0e5-975b-4c65-8846-d9745cfc29ee,1774309054671,7536610a-7847-4680-8a63-88a7b996207b,1774858304744,7536610a-7847-4680-8a63-88a7b996207b,,
e723cab2-dda0-441b-845c-ed534a7b179f,Week 13 DFG (100% Roses) 2,MMAU1441290,1774483200000,1775260800000,96e1b0e5-975b-4c65-8846-d9745cfc29ee,1774309011704,7536610a-7847-4680-8a63-88a7b996207b,1774858322484,7536610a-7847-4680-8a63-88a7b996207b,,
63c939f7-0f66-4c2c-9779-934d27c6c2ca,Week 13 DFG (100% Roses),MMAU1446774,1774569600000,1775260800000,44483950-583a-4ed6-ab2a-728eef617106,1774227670950,7536610a-7847-4680-8a63-88a7b996207b,1774858335462,7536610a-7847-4680-8a63-88a7b996207b,,
3b80080b-3efa-4e3b-842f-685dfccefb41,Week 14 Xpol,Week 14 Xpol,1775174400000,1775692800000,96e1b0e5-975b-4c65-8846-d9745cfc29ee,1774855174156,7536610a-7847-4680-8a63-88a7b996207b,1774858477903,7536610a-7847-4680-8a63-88a7b996207b,,
22da1d56-8a36-4e4c-9d0b-64681eecae50,Week 14 VDB,Week 14 VDB,1775088000000,1775692800000,f7f7ace9-81b7-42c0-8886-08ae6dfd149d,1774872661975,7536610a-7847-4680-8a63-88a7b996207b,1774872661975,7536610a-7847-4680-8a63-88a7b996207b,,
598a5536-9468-49ad-828d-b2c9ec947b21,Week 14 Mount Elgon,Week 14 Mount Elgon,1775088000000,1775692800000,44483950-583a-4ed6-ab2a-728eef617106,1774959227517,7536610a-7847-4680-8a63-88a7b996207b,1774959227517,7536610a-7847-4680-8a63-88a7b996207b,,
3ff926ea-e5be-4f3c-93da-7adae1f1a59b,Week 14 Mount Elgon 2,Week 14 Mount Elgon 2,1775174400000,1775692800000,44483950-583a-4ed6-ab2a-728eef617106,1774959256603,7536610a-7847-4680-8a63-88a7b996207b,1774959256603,7536610a-7847-4680-8a63-88a7b996207b,,
a088ab1f-95ca-4ec6-91b4-6843a5c8e728,Week 14 VDB 2,Week 14 VDB 2,1775174400000,1775692800000,44483950-583a-4ed6-ab2a-728eef617106,1775123742995,7536610a-7847-4680-8a63-88a7b996207b,1775123742995,7536610a-7847-4680-8a63-88a7b996207b,,
5b1820e1-258b-4092-ad61-bcaa75e1c77f,Week 15 Fresco,Week 15 Fresco,1775692800000,1776297600000,f7f7ace9-81b7-42c0-8886-08ae6dfd149d,1775545957420,7536610a-7847-4680-8a63-88a7b996207b,1775545957420,7536610a-7847-4680-8a63-88a7b996207b,,
57c9578c-6718-4dff-ad5e-7a63b3db24a7,Week 14 DFG (Roses/Carnations/Mums),MMAU1428385,1775088000000,1775692800000,96e1b0e5-975b-4c65-8846-d9745cfc29ee,1774858582590,7536610a-7847-4680-8a63-88a7b996207b,1775717788817,7536610a-7847-4680-8a63-88a7b996207b,,
efd8924d-6ead-4bd6-9efd-24502f694e10,Week 14 DFG (100% Roses 2),MMAU1431558,1775174400000,1775692800000,44483950-583a-4ed6-ab2a-728eef617106,1774858526769,7536610a-7847-4680-8a63-88a7b996207b,1775717816358,7536610a-7847-4680-8a63-88a7b996207b,,
c90d534d-e74d-4d3e-8dd3-01ed8173d956,Week 14 DFG (100% Roses),MMAU1406344,1775174400000,1775692800000,44483950-583a-4ed6-ab2a-728eef617106,1774858469524,7536610a-7847-4680-8a63-88a7b996207b,1775717829805,7536610a-7847-4680-8a63-88a7b996207b,,
417ca3e1-a5c3-4389-9d88-a91875c23f92,Week 15 Mount Elgon 1,Week 15 Mount Elgon 1,1775692800000,1776297600000,44483950-583a-4ed6-ab2a-728eef617106,1775547332960,7536610a-7847-4680-8a63-88a7b996207b,1775547332960,7536610a-7847-4680-8a63-88a7b996207b,,
f1980be5-836f-4428-b428-cad8866b7858,Week 15 Mount Elgon 2,Week 15 Mount Elgon 2,1775692800000,1776297600000,44483950-583a-4ed6-ab2a-728eef617106,1775547352969,7536610a-7847-4680-8a63-88a7b996207b,1775547352969,7536610a-7847-4680-8a63-88a7b996207b,,
d51f6ccf-ad32-4bc9-b976-3bf82dccae4d,Week 15 DFG (Roses/Carnations/Phlox),MMAU1407525,1775606400000,1776297600000,44483950-583a-4ed6-ab2a-728eef617106,1775546363954,7536610a-7847-4680-8a63-88a7b996207b,1775717690079,7536610a-7847-4680-8a63-88a7b996207b,,
1802ba33-38b1-4e7d-ad66-e7655ec77b00,Week 15 DFG (100% Roses),MMAU136649,1775692800000,1776297600000,44483950-583a-4ed6-ab2a-728eef617106,1775546387910,7536610a-7847-4680-8a63-88a7b996207b,1775717704596,7536610a-7847-4680-8a63-88a7b996207b,,
4ae8697f-90ca-4077-ae35-2d4a544b814d,Week 15 DFG (Roses/Carnations/Mums),MMAU1379824,1775692800000,1776297600000,96e1b0e5-975b-4c65-8846-d9745cfc29ee,1775546424562,7536610a-7847-4680-8a63-88a7b996207b,1775717731208,7536610a-7847-4680-8a63-88a7b996207b,,
58f18c31-5ef1-4994-a4b3-c749554fb5c9,Week 15 DFG (100% Roses 2),MMAU1397978,1775779200000,1776297600000,44483950-583a-4ed6-ab2a-728eef617106,1775546466845,7536610a-7847-4680-8a63-88a7b996207b,1775717744906,7536610a-7847-4680-8a63-88a7b996207b,,
e866c57c-7711-47f6-97d6-8cea9fcdb44d,Week 14 DFG (Roses/Carnations/Phlox),MMAU1412265,1774915200000,1775692800000,44483950-583a-4ed6-ab2a-728eef617106,1774858622508,7536610a-7847-4680-8a63-88a7b996207b,1775717775199,7536610a-7847-4680-8a63-88a7b996207b,,
10df373f-35d7-4b2b-8015-7714e8e09cc9,Week 16 Fresco,Week 16 Fresco,1776297600000,1776902400000,96e1b0e5-975b-4c65-8846-d9745cfc29ee,1776072567552,7536610a-7847-4680-8a63-88a7b996207b,1776072567552,7536610a-7847-4680-8a63-88a7b996207b,,
a8fc4c3d-d34e-43d9-844c-62cc475277e5,Week 16 Xpol,Week 16 Xpol,1776384000000,1776902400000,96e1b0e5-975b-4c65-8846-d9745cfc29ee,1776072292066,7536610a-7847-4680-8a63-88a7b996207b,1776072582539,7536610a-7847-4680-8a63-88a7b996207b,,
9d49ad6f-f1c8-4033-895a-d828b4154020,Week 16 APH (Christo),Week 16 APH (Christo),1776297600000,1776902400000,f7f7ace9-81b7-42c0-8886-08ae6dfd149d,1776101779024,7536610a-7847-4680-8a63-88a7b996207b,1776101779024,7536610a-7847-4680-8a63-88a7b996207b,,
