id,customerAccountId,farmAccountId,farmAccountConsent,createdAt,createdById,updatedAt,updatedById,deletedAt,deletedById,invoiceTo
ef72761e-8719-4525-82f5-60dbfc53738d,f9f015c1-3c89-4f1b-854d-e934cbdf3791,74a00592-9391-463d-8ff6-b24817821110,1,1688379640249,a0463e4c-2adb-4488-aac3-66bcf22ff32d,1688379708920,a0463e4c-2adb-4488-aac3-66bcf22ff32d,1688379708919,a0463e4c-2adb-4488-aac3-66bcf22ff32d,Farm
cbf9946c-0292-40cd-a23e-12276f79e769,74a00592-9391-463d-8ff6-b24817821110,da74e276-3ad4-4415-84c5-35e4ec1ad3d0,1,1688380872986,a0463e4c-2adb-4488-aac3-66bcf22ff32d,1688380872986,a0463e4c-2adb-4488-aac3-66bcf22ff32d,,,Farm
6393e90a-e394-4744-b45d-683da71a28fd,74a00592-9391-463d-8ff6-b24817821110,0d22d9a4-2f7a-4d49-b5b4-0fc754dd2c3d,1,1688380940832,a0463e4c-2adb-4488-aac3-66bcf22ff32d,1688380940832,a0463e4c-2adb-4488-aac3-66bcf22ff32d,,,Farm
c5b87597-f59c-4f38-aac3-2140d03481b3,74a00592-9391-463d-8ff6-b24817821110,a502cc07-e099-4ebb-9f33-43a324e9b3f5,1,1688381191196,a0463e4c-2adb-4488-aac3-66bcf22ff32d,1688381191196,a0463e4c-2adb-4488-aac3-66bcf22ff32d,,,Farm
0d5c79f0-60af-40b6-8810-259ba9284064,cc952474-a303-4ad6-8384-c51974e0def0,a26323a5-4f8e-49e8-873e-768099d58346,1,1695218177642,563748b6-6df2-4990-aa54-d574de5546a2,1706274704495,563748b6-6df2-4990-aa54-d574de5546a2,,,Farm
1f29fb95-680b-4945-b597-cafcd6e4967e,5f1f494a-e212-45ed-b0f9-89def843445b,7d7a0729-b7c1-411f-a9fd-2deab9fb13bd,1,1688389421238,a0463e4c-2adb-4488-aac3-66bcf22ff32d,1688389421238,a0463e4c-2adb-4488-aac3-66bcf22ff32d,,,Farm
ea948b49-4a35-47e2-a7ed-55c6090c85da,5f1f494a-e212-45ed-b0f9-89def843445b,cd0424fc-0199-4e73-8546-add986bfb772,1,1688389436777,a0463e4c-2adb-4488-aac3-66bcf22ff32d,1688389436778,a0463e4c-2adb-4488-aac3-66bcf22ff32d,,,Farm
d8e88192-da25-4dac-83f0-20b583ce8227,5f1f494a-e212-45ed-b0f9-89def843445b,9ff10d20-88eb-45d7-89de-eb2c12c01e3b,1,1688389444657,a0463e4c-2adb-4488-aac3-66bcf22ff32d,1688389444657,a0463e4c-2adb-4488-aac3-66bcf22ff32d,,,Farm
79e5f598-43fe-4ca2-8d40-6afbdcf5b20f,5f1f494a-e212-45ed-b0f9-89def843445b,9d79ba8a-d4c7-4fe5-812a-977de211b4df,1,1688389451185,a0463e4c-2adb-4488-aac3-66bcf22ff32d,1688389451185,a0463e4c-2adb-4488-aac3-66bcf22ff32d,,,Farm
fdfb9f37-760e-4042-9e17-648bdd37dd67,500fc5ab-97f5-49f5-a9f2-aaec1beeb77c,a9476a90-8cb5-4b5d-927b-f51afd293571,1,1688389583604,a0463e4c-2adb-4488-aac3-66bcf22ff32d,1688389583604,a0463e4c-2adb-4488-aac3-66bcf22ff32d,,,Farm
8107b1ca-7be6-487a-bfb8-25a75c618573,500fc5ab-97f5-49f5-a9f2-aaec1beeb77c,cff48c09-6a5d-4f3a-b8c7-0ec066cbc2d7,1,1688389590611,a0463e4c-2adb-4488-aac3-66bcf22ff32d,1688389590611,a0463e4c-2adb-4488-aac3-66bcf22ff32d,,,Farm
5a6a561d-4f2d-45be-9435-7b09027df4cf,500fc5ab-97f5-49f5-a9f2-aaec1beeb77c,20dd23cd-03cb-4915-ad58-882d07ef764f,1,1688389598002,a0463e4c-2adb-4488-aac3-66bcf22ff32d,1688389598002,a0463e4c-2adb-4488-aac3-66bcf22ff32d,,,Farm
2093f442-303b-4e90-a57d-8df773a9d0b9,0d6b570d-7947-478a-8e0d-adc36a0497c0,0d6b570d-7947-478a-8e0d-adc36a0497c0,1,1688390862924,a0463e4c-2adb-4488-aac3-66bcf22ff32d,1688390862924,a0463e4c-2adb-4488-aac3-66bcf22ff32d,,,Farm
e22eb259-ba31-4747-9901-8b3b9436f945,a72a45fd-83cd-4b7c-b829-39fdd9d73f3a,a72a45fd-83cd-4b7c-b829-39fdd9d73f3a,1,1688394692099,a0463e4c-2adb-4488-aac3-66bcf22ff32d,1713969413243,a0463e4c-2adb-4488-aac3-66bcf22ff32d,1713969413242,a0463e4c-2adb-4488-aac3-66bcf22ff32d,Farm
80eb6d13-0b67-4969-8db4-24eebbdb629e,171e92d9-c861-4a14-8057-f2298231ccdc,171e92d9-c861-4a14-8057-f2298231ccdc,1,1688391716150,a0463e4c-2adb-4488-aac3-66bcf22ff32d,1688391716150,a0463e4c-2adb-4488-aac3-66bcf22ff32d,,,Farm
5205af90-27fc-4fba-8552-252e50ce7df8,8f57fc2a-12ea-4055-8322-601e703c1439,a9476a90-8cb5-4b5d-927b-f51afd293571,1,1688540416556,a0463e4c-2adb-4488-aac3-66bcf22ff32d,1688540416556,a0463e4c-2adb-4488-aac3-66bcf22ff32d,,,Farm
e084e5fe-2641-4b74-afeb-bc1b6a8f320f,a5a96769-a147-43a1-b361-d3124b8d6ea3,a9476a90-8cb5-4b5d-927b-f51afd293571,1,1688630365742,a0463e4c-2adb-4488-aac3-66bcf22ff32d,1688630365742,a0463e4c-2adb-4488-aac3-66bcf22ff32d,,,Farm
ef616d0b-afb2-46bd-a065-7413c63ab189,726c634b-f2ae-426f-b0ca-c22e4c4027fd,a72a45fd-83cd-4b7c-b829-39fdd9d73f3a,1,1689051891787,563748b6-6df2-4990-aa54-d574de5546a2,1689051891787,563748b6-6df2-4990-aa54-d574de5546a2,,,Farm
40aed6e9-9cd5-4aea-a91f-862a2eacabb2,74a00592-9391-463d-8ff6-b24817821110,f9f015c1-3c89-4f1b-854d-e934cbdf3791,1,1688379715478,a0463e4c-2adb-4488-aac3-66bcf22ff32d,1690959962106,4a2f76a7-6256-4e67-8d8a-095cee8557f7,,,Farm
91656451-e3a5-4091-a4e5-b8bce431a748,a5a96769-a147-43a1-b361-d3124b8d6ea3,a72a45fd-83cd-4b7c-b829-39fdd9d73f3a,1,1688391488439,a0463e4c-2adb-4488-aac3-66bcf22ff32d,1690959999285,4a2f76a7-6256-4e67-8d8a-095cee8557f7,,,Farm
e27a69cd-08ec-4503-8f7b-baf1f8a49d60,726c634b-f2ae-426f-b0ca-c22e4c4027fd,1a2db108-6673-4fd8-98bf-b7ed858da60b,1,1694253145152,563748b6-6df2-4990-aa54-d574de5546a2,1694253152608,563748b6-6df2-4990-aa54-d574de5546a2,,,Farm
84df2de8-92c2-4e87-b841-7c2205c0eca1,cc952474-a303-4ad6-8384-c51974e0def0,51dfc8bc-10d5-4cd3-9728-84f330b31025,1,1695212859373,563748b6-6df2-4990-aa54-d574de5546a2,1695212971057,563748b6-6df2-4990-aa54-d574de5546a2,,,Farm
27e74229-bd8d-453d-a970-3c62ce76be95,cc952474-a303-4ad6-8384-c51974e0def0,070e6c8b-fe5d-442b-af47-115074f2d40e,1,1690278670601,a0463e4c-2adb-4488-aac3-66bcf22ff32d,1695217646033,a0463e4c-2adb-4488-aac3-66bcf22ff32d,1695217646006,563748b6-6df2-4990-aa54-d574de5546a2,Farm
7921cef3-5de2-44f6-a280-1dd4397aaf1a,cc952474-a303-4ad6-8384-c51974e0def0,1a2db108-6673-4fd8-98bf-b7ed858da60b,1,1695217656529,563748b6-6df2-4990-aa54-d574de5546a2,1695217671616,563748b6-6df2-4990-aa54-d574de5546a2,,,Farm
95a980f8-10a5-43c5-a26a-f73567ba4a50,cc952474-a303-4ad6-8384-c51974e0def0,6c2eae8d-928c-4f48-9cf0-b61c815ee51d,1,1695217837276,563748b6-6df2-4990-aa54-d574de5546a2,1695217846249,563748b6-6df2-4990-aa54-d574de5546a2,,,Farm
b23bff93-5d0a-468a-a131-b959fcff6487,74a00592-9391-463d-8ff6-b24817821110,1a2db108-6673-4fd8-98bf-b7ed858da60b,,1695726903423,563748b6-6df2-4990-aa54-d574de5546a2,1695726936694,563748b6-6df2-4990-aa54-d574de5546a2,1695726936693,563748b6-6df2-4990-aa54-d574de5546a2,Farm
4f1f3b1f-d34c-420e-93bc-f29e3188c7a2,74a00592-9391-463d-8ff6-b24817821110,1a2db108-6673-4fd8-98bf-b7ed858da60b,1,1695726952152,563748b6-6df2-4990-aa54-d574de5546a2,1695726959071,563748b6-6df2-4990-aa54-d574de5546a2,1695726959070,563748b6-6df2-4990-aa54-d574de5546a2,Customer
a160628a-2c23-4cc8-95fc-07664cf4813c,cc952474-a303-4ad6-8384-c51974e0def0,cff48c09-6a5d-4f3a-b8c7-0ec066cbc2d7,1,1695217975301,563748b6-6df2-4990-aa54-d574de5546a2,1740470563629,a0463e4c-2adb-4488-aac3-66bcf22ff32d,,,Farm
14c68c16-ca74-4979-ac21-44453303a80d,a61edf4f-0287-4ade-817b-a9c3d9be02ff,6316326b-45da-4553-a852-66bc031c8160,,1695816523632,563748b6-6df2-4990-aa54-d574de5546a2,1695816523632,563748b6-6df2-4990-aa54-d574de5546a2,,,Farm
226b1815-9fa2-4a24-8c85-666397c0ee9e,4af15db6-6403-4c38-bb2f-9f7c6dee965f,20139a00-3f06-4f55-b15c-5c2c4bcde944,1,1695891687302,563748b6-6df2-4990-aa54-d574de5546a2,1695891696189,563748b6-6df2-4990-aa54-d574de5546a2,,,Farm
4bd0959a-1b7b-4418-af1f-6bcce90597a7,0e668ede-6c66-4bf0-a87c-043303dfd5a7,0e668ede-6c66-4bf0-a87c-043303dfd5a7,1,1695640101019,a0463e4c-2adb-4488-aac3-66bcf22ff32d,1697458614919,563748b6-6df2-4990-aa54-d574de5546a2,,,Farm
eea95cb5-7706-4915-acdf-52fc2bef9a09,a61edf4f-0287-4ade-817b-a9c3d9be02ff,7d7a0729-b7c1-411f-a9fd-2deab9fb13bd,1,1696503418734,a0463e4c-2adb-4488-aac3-66bcf22ff32d,1698913486367,563748b6-6df2-4990-aa54-d574de5546a2,,,Farm
e208f11a-fd84-460c-951b-ddac44edb0fe,a61edf4f-0287-4ade-817b-a9c3d9be02ff,cd0424fc-0199-4e73-8546-add986bfb772,1,1696503472143,a0463e4c-2adb-4488-aac3-66bcf22ff32d,1698913495297,563748b6-6df2-4990-aa54-d574de5546a2,,,Farm
12318bd8-5b96-42af-93d6-db445b2c42c5,a5a96769-a147-43a1-b361-d3124b8d6ea3,1a2db108-6673-4fd8-98bf-b7ed858da60b,1,1694249081668,563748b6-6df2-4990-aa54-d574de5546a2,1702456468458,a0463e4c-2adb-4488-aac3-66bcf22ff32d,,,Farm
b05a7fd8-f728-4c2f-90f2-992eeb9d93ad,3617b6fd-a146-4826-8e7b-5bf7cccc04fb,bfb26a65-85bf-42ad-8738-b58ad23c2322,,1696503727642,a0463e4c-2adb-4488-aac3-66bcf22ff32d,1696503727642,a0463e4c-2adb-4488-aac3-66bcf22ff32d,,,Farm
792180b1-dd9a-4940-876d-0353462d5e65,25725e16-a57c-4bc6-b47b-95076df1ddf0,ac08ed97-dda0-4824-b7a3-ad374280dccb,1,1688382441626,a0463e4c-2adb-4488-aac3-66bcf22ff32d,1768898317370,9de53163-c68a-4cb9-bf61-8340acfe3061,1768898317370,7536610a-7847-4680-8a63-88a7b996207b,Farm
3cf49e9c-941e-48e5-86f8-d002ab9aabde,25725e16-a57c-4bc6-b47b-95076df1ddf0,a542b738-07d0-48cf-893a-450491917e21,1,1688382368676,a0463e4c-2adb-4488-aac3-66bcf22ff32d,1768898320511,9de53163-c68a-4cb9-bf61-8340acfe3061,1768898320509,7536610a-7847-4680-8a63-88a7b996207b,Farm
38c679dc-08eb-4a2f-9e33-172a2d884f81,25725e16-a57c-4bc6-b47b-95076df1ddf0,f94c1624-8f7a-4ec7-82e7-939ee8482424,1,1688382376465,a0463e4c-2adb-4488-aac3-66bcf22ff32d,1768898328514,9de53163-c68a-4cb9-bf61-8340acfe3061,1768898328514,7536610a-7847-4680-8a63-88a7b996207b,Farm
852fdf1e-1e48-4b7d-9e3f-53c218dbd56f,25725e16-a57c-4bc6-b47b-95076df1ddf0,92df203b-be58-42ec-8354-0925e037f590,1,1688382383500,a0463e4c-2adb-4488-aac3-66bcf22ff32d,1768898331887,9de53163-c68a-4cb9-bf61-8340acfe3061,1768898331887,7536610a-7847-4680-8a63-88a7b996207b,Farm
0a6f30ff-b8ac-40f1-9b9a-790fa37c8cec,25725e16-a57c-4bc6-b47b-95076df1ddf0,20dd23cd-03cb-4915-ad58-882d07ef764f,1,1688382389792,a0463e4c-2adb-4488-aac3-66bcf22ff32d,1768898334805,9de53163-c68a-4cb9-bf61-8340acfe3061,1768898334806,7536610a-7847-4680-8a63-88a7b996207b,Farm
2c30eeb4-5d70-4c8a-8ae3-cc19a67cc37b,25725e16-a57c-4bc6-b47b-95076df1ddf0,cff48c09-6a5d-4f3a-b8c7-0ec066cbc2d7,1,1688382397266,a0463e4c-2adb-4488-aac3-66bcf22ff32d,1768898337953,9de53163-c68a-4cb9-bf61-8340acfe3061,1768898337956,7536610a-7847-4680-8a63-88a7b996207b,Farm
52d46d91-a4b5-4860-a851-827ed90f5f7c,25725e16-a57c-4bc6-b47b-95076df1ddf0,f3ee8c44-da08-4ba4-82ba-15bd7ec41344,1,1688382424744,a0463e4c-2adb-4488-aac3-66bcf22ff32d,1768898341444,9de53163-c68a-4cb9-bf61-8340acfe3061,1768898341447,7536610a-7847-4680-8a63-88a7b996207b,Farm
250a854d-1216-4468-81de-575470eca0f1,a5a96769-a147-43a1-b361-d3124b8d6ea3,92df203b-be58-42ec-8354-0925e037f590,1,1694249741893,563748b6-6df2-4990-aa54-d574de5546a2,1732686122964,9de53163-c68a-4cb9-bf61-8340acfe3061,,,Farm
1249c083-c034-429f-8b17-55a68edabe43,68127cf7-8afb-4b95-ba8f-168167e03b82,86ac654e-04ae-4c92-a41a-d5aa4613a4dc,1,1695881928711,a0463e4c-2adb-4488-aac3-66bcf22ff32d,1736921198918,a0463e4c-2adb-4488-aac3-66bcf22ff32d,1736921198918,a0463e4c-2adb-4488-aac3-66bcf22ff32d,Farm
4f0fdab3-57a2-453f-b453-3f8cb8880d10,3617b6fd-a146-4826-8e7b-5bf7cccc04fb,a9476a90-8cb5-4b5d-927b-f51afd293571,1,1695812064813,563748b6-6df2-4990-aa54-d574de5546a2,1740470570806,a0463e4c-2adb-4488-aac3-66bcf22ff32d,,,Farm
dd141093-3829-422f-a5df-276e0248fd4d,25725e16-a57c-4bc6-b47b-95076df1ddf0,e316d2e2-ee9e-4602-9108-8882a45372d7,1,1688382456181,a0463e4c-2adb-4488-aac3-66bcf22ff32d,1768898314370,9de53163-c68a-4cb9-bf61-8340acfe3061,1768898314374,7536610a-7847-4680-8a63-88a7b996207b,Farm
55f1d5b6-2f52-4363-b44b-d32321bf951e,726c634b-f2ae-426f-b0ca-c22e4c4027fd,f65c6a5e-5b0b-4af9-9393-e10a6f9e3bc1,1,1696504129001,a0463e4c-2adb-4488-aac3-66bcf22ff32d,1696504132256,a0463e4c-2adb-4488-aac3-66bcf22ff32d,,,Farm
28df6984-be93-477e-a05e-64a1a9eef289,cc952474-a303-4ad6-8384-c51974e0def0,2b2d3e54-9e36-4e54-96bd-e4214747df51,1,1696576800238,a0463e4c-2adb-4488-aac3-66bcf22ff32d,1706274678343,563748b6-6df2-4990-aa54-d574de5546a2,,,Farm
4f542234-8d7b-44ca-8e72-30c39d27674a,7e60cbf0-7bec-411b-9c36-3b471714d40d,fb22be72-f799-49be-b3f9-4f2b9d9878b3,1,1696504398455,a0463e4c-2adb-4488-aac3-66bcf22ff32d,1696504407126,a0463e4c-2adb-4488-aac3-66bcf22ff32d,,,Farm
4b9ff63c-566c-4c65-beeb-f843729bd2f1,a5a96769-a147-43a1-b361-d3124b8d6ea3,2b2d3e54-9e36-4e54-96bd-e4214747df51,1,1698131724442,563748b6-6df2-4990-aa54-d574de5546a2,1706274679162,563748b6-6df2-4990-aa54-d574de5546a2,,,Farm
b2fb0f33-e314-4ece-949c-fbef90738f80,cc952474-a303-4ad6-8384-c51974e0def0,ad4538c0-6616-42d7-9831-458653320937,1,1696504772333,a0463e4c-2adb-4488-aac3-66bcf22ff32d,1696504787053,a0463e4c-2adb-4488-aac3-66bcf22ff32d,,,Farm
13484ade-89ea-4823-b6cb-4f493d58dc0a,97cf433d-b0f6-43d5-8c88-ead971c573ae,fb22be72-f799-49be-b3f9-4f2b9d9878b3,,1696504928207,a0463e4c-2adb-4488-aac3-66bcf22ff32d,1696504928207,a0463e4c-2adb-4488-aac3-66bcf22ff32d,,,Farm
9b2d12ec-fe29-483b-9f05-0c49073f27e8,3f906df2-d1fb-4647-8814-e94e3ee660c6,7f9d35c8-bdb6-4fd9-911a-35d48498df80,,1696505230232,a0463e4c-2adb-4488-aac3-66bcf22ff32d,1696505230232,a0463e4c-2adb-4488-aac3-66bcf22ff32d,,,Farm
e4967870-eff2-4fc9-b4f8-7af526a659c6,1508b17e-b4b8-4168-90c5-4fc1583ae15e,08b54562-fafd-45bb-aead-af61e82fa0e5,1,1694253029571,563748b6-6df2-4990-aa54-d574de5546a2,1696505271734,a0463e4c-2adb-4488-aac3-66bcf22ff32d,,,Farm
8867eac4-0d23-46ad-a0b3-f51ba500ac40,d0cb33dd-ccb6-487b-a309-e43e448319b3,6316326b-45da-4553-a852-66bc031c8160,,1696529080612,563748b6-6df2-4990-aa54-d574de5546a2,1696529080612,563748b6-6df2-4990-aa54-d574de5546a2,,,Farm
cc95c8b2-7793-4710-bbb7-5b318561db51,a5a96769-a147-43a1-b361-d3124b8d6ea3,444ab14e-f06f-4460-a34d-6c0cd012d349,1,1698131677059,563748b6-6df2-4990-aa54-d574de5546a2,1715077497811,a0463e4c-2adb-4488-aac3-66bcf22ff32d,,,Farm
fc72ef49-8166-498e-8371-ece1649874c4,de7122ee-e5eb-4ce1-9e75-64cf3a6021ff,092ef181-2c9f-4b2a-93b4-f090d451b206,1,1696569682516,563748b6-6df2-4990-aa54-d574de5546a2,1696572905056,a0463e4c-2adb-4488-aac3-66bcf22ff32d,,,Customer
d1736fce-59c4-4152-8a45-4fe5cf53d3b1,a61edf4f-0287-4ade-817b-a9c3d9be02ff,092ef181-2c9f-4b2a-93b4-f090d451b206,,1696659639478,563748b6-6df2-4990-aa54-d574de5546a2,1696659639478,563748b6-6df2-4990-aa54-d574de5546a2,,,Farm
0aef7a0e-2361-44d5-8233-924e4b3f49ee,a5a96769-a147-43a1-b361-d3124b8d6ea3,092ef181-2c9f-4b2a-93b4-f090d451b206,1,1698131737654,563748b6-6df2-4990-aa54-d574de5546a2,1715077517434,a0463e4c-2adb-4488-aac3-66bcf22ff32d,,,Farm
288feb5c-cd56-4b54-938b-b7295abf0f40,a61edf4f-0287-4ade-817b-a9c3d9be02ff,f513b8d6-6ad2-414e-805f-b6b83719ee99,,1696833082596,563748b6-6df2-4990-aa54-d574de5546a2,1696833082596,563748b6-6df2-4990-aa54-d574de5546a2,,,Farm
55d6b8c5-c50f-4a5c-9d23-1648f94041b6,a5a96769-a147-43a1-b361-d3124b8d6ea3,3ca27666-5a69-4722-ae14-6a7e2d1a417a,1,1698131791873,563748b6-6df2-4990-aa54-d574de5546a2,1715077519377,a0463e4c-2adb-4488-aac3-66bcf22ff32d,,,Farm
e5588083-b0f3-4653-9e15-3fafb468028d,3fe1f019-995d-4086-9725-12131e0f7271,c36294de-c73c-4cad-a482-6b0a2b1c9a48,1,1696921167692,563748b6-6df2-4990-aa54-d574de5546a2,1696921212574,563748b6-6df2-4990-aa54-d574de5546a2,,,Farm
d7394ab4-4975-4b33-ae4a-19449b41ee0f,cc952474-a303-4ad6-8384-c51974e0def0,f94c1624-8f7a-4ec7-82e7-939ee8482424,,1697020494250,563748b6-6df2-4990-aa54-d574de5546a2,1697020494250,563748b6-6df2-4990-aa54-d574de5546a2,,,Farm
3b2609fb-4a43-49dc-97d7-ab2427aa919b,cc952474-a303-4ad6-8384-c51974e0def0,f94c1624-8f7a-4ec7-82e7-939ee8482424,,1697021112410,563748b6-6df2-4990-aa54-d574de5546a2,1697021125059,563748b6-6df2-4990-aa54-d574de5546a2,1697021125057,563748b6-6df2-4990-aa54-d574de5546a2,Farm
3190a181-99da-4976-82ea-da456ca912ce,a61edf4f-0287-4ade-817b-a9c3d9be02ff,7d7a0729-b7c1-411f-a9fd-2deab9fb13bd,,1697043319200,563748b6-6df2-4990-aa54-d574de5546a2,1697043343123,563748b6-6df2-4990-aa54-d574de5546a2,1697043343117,563748b6-6df2-4990-aa54-d574de5546a2,Farm
4111fe59-149c-49ff-98b3-7548cac76226,de7122ee-e5eb-4ce1-9e75-64cf3a6021ff,f513b8d6-6ad2-414e-805f-b6b83719ee99,1,1698493811916,563748b6-6df2-4990-aa54-d574de5546a2,1738577809353,a0463e4c-2adb-4488-aac3-66bcf22ff32d,,,Customer
d08653e3-b600-499f-b912-7c4b3bc5e801,3fe1f019-995d-4086-9725-12131e0f7271,84151104-e9a0-4bd4-9fd7-ad687656ec1e,1,1697271712760,563748b6-6df2-4990-aa54-d574de5546a2,1697271712760,563748b6-6df2-4990-aa54-d574de5546a2,,,Farm
98464da4-b2ae-4939-b9a8-5204e4b637d1,da74e276-3ad4-4415-84c5-35e4ec1ad3d0,da74e276-3ad4-4415-84c5-35e4ec1ad3d0,1,1697451736564,563748b6-6df2-4990-aa54-d574de5546a2,1697451749844,563748b6-6df2-4990-aa54-d574de5546a2,,,Farm
be2fb2b5-2186-4e48-91fb-60edfec9cce1,1512db87-57c9-416b-9cda-3ada72c895da,1512db87-57c9-416b-9cda-3ada72c895da,1,1697649898610,563748b6-6df2-4990-aa54-d574de5546a2,1697649907013,563748b6-6df2-4990-aa54-d574de5546a2,,,Farm
56a23d76-5a04-421e-bca8-cd2a797ac416,9211b433-ae36-4f6d-96d1-8a94580b1d4f,9d79ba8a-d4c7-4fe5-812a-977de211b4df,,1697650863522,563748b6-6df2-4990-aa54-d574de5546a2,1697650863522,563748b6-6df2-4990-aa54-d574de5546a2,,,Farm
2320d22d-8bb4-403c-a66d-cbdc42abecbc,4af15db6-6403-4c38-bb2f-9f7c6dee965f,c18b8d80-e9c5-43d8-b4b8-0bfaab706dcd,1,1697724760423,563748b6-6df2-4990-aa54-d574de5546a2,1697724808393,563748b6-6df2-4990-aa54-d574de5546a2,,,Farm
f5b30291-a82e-44bd-bca9-432e92f6a03e,1e157604-e16a-4816-ad4d-9b822d5bd1f4,1e157604-e16a-4816-ad4d-9b822d5bd1f4,1,1698130330688,563748b6-6df2-4990-aa54-d574de5546a2,1698130334283,563748b6-6df2-4990-aa54-d574de5546a2,,,Farm
fdc3a035-0fac-4ff9-b393-b1b6603dfaf9,a5a96769-a147-43a1-b361-d3124b8d6ea3,1a2db108-6673-4fd8-98bf-b7ed858da60b,,1698131711132,563748b6-6df2-4990-aa54-d574de5546a2,1698131817177,563748b6-6df2-4990-aa54-d574de5546a2,1698131817177,563748b6-6df2-4990-aa54-d574de5546a2,Farm
7247e884-9724-4bc6-ae82-772ee8001875,a61edf4f-0287-4ade-817b-a9c3d9be02ff,f0ba3eb8-c0aa-4806-adc9-33cc35a1d579,1,1698913393442,563748b6-6df2-4990-aa54-d574de5546a2,1698913470812,563748b6-6df2-4990-aa54-d574de5546a2,,,Farm
5e251638-3eda-45eb-acb9-6fe6a2a6de2e,a61edf4f-0287-4ade-817b-a9c3d9be02ff,9d79ba8a-d4c7-4fe5-812a-977de211b4df,1,1696503483841,a0463e4c-2adb-4488-aac3-66bcf22ff32d,1698913495415,563748b6-6df2-4990-aa54-d574de5546a2,,,Farm
d287ad7e-4c14-4018-b1bc-2ba2e45a30c1,a61edf4f-0287-4ade-817b-a9c3d9be02ff,9ff10d20-88eb-45d7-89de-eb2c12c01e3b,1,1697187185384,563748b6-6df2-4990-aa54-d574de5546a2,1698913508801,563748b6-6df2-4990-aa54-d574de5546a2,,,Farm
c0f4bcb2-dc02-482a-b345-f0199b513a0f,a61edf4f-0287-4ade-817b-a9c3d9be02ff,e316d2e2-ee9e-4602-9108-8882a45372d7,1,1698240988773,563748b6-6df2-4990-aa54-d574de5546a2,1698913513319,563748b6-6df2-4990-aa54-d574de5546a2,,,Farm
400c61d4-db93-4bd2-8938-8ffbdb47f3d8,a61edf4f-0287-4ade-817b-a9c3d9be02ff,444ab14e-f06f-4460-a34d-6c0cd012d349,1,1698241084454,563748b6-6df2-4990-aa54-d574de5546a2,1698913516531,563748b6-6df2-4990-aa54-d574de5546a2,,,Farm
da1b9e4f-d065-4733-b869-b5399261a9a0,cc952474-a303-4ad6-8384-c51974e0def0,1e157604-e16a-4816-ad4d-9b822d5bd1f4,1,1697020664238,563748b6-6df2-4990-aa54-d574de5546a2,1698913604530,563748b6-6df2-4990-aa54-d574de5546a2,,,Farm
a4655da8-c124-4735-a21c-bd891297588e,e42b6d71-bd7b-4b5f-89ce-86c3148fb992,c18b8d80-e9c5-43d8-b4b8-0bfaab706dcd,,1698933371368,563748b6-6df2-4990-aa54-d574de5546a2,1698933371368,563748b6-6df2-4990-aa54-d574de5546a2,,,Farm
3bdd2c22-07ff-4941-87ef-519c0c4fd19a,7f9d35c8-bdb6-4fd9-911a-35d48498df80,7f9d35c8-bdb6-4fd9-911a-35d48498df80,1,1699353632324,563748b6-6df2-4990-aa54-d574de5546a2,1699353634578,563748b6-6df2-4990-aa54-d574de5546a2,,,Farm
62217fe5-91e5-443b-91d4-74d551e7f138,8bb75732-4454-4e8e-bdad-9a26ad33c731,c18b8d80-e9c5-43d8-b4b8-0bfaab706dcd,,1699532761795,563748b6-6df2-4990-aa54-d574de5546a2,1699532761795,563748b6-6df2-4990-aa54-d574de5546a2,,,Farm
17c54f04-cadf-454f-9748-375220152e27,e42b6d71-bd7b-4b5f-89ce-86c3148fb992,1a2db108-6673-4fd8-98bf-b7ed858da60b,1,1696529489348,563748b6-6df2-4990-aa54-d574de5546a2,1705059379758,a0463e4c-2adb-4488-aac3-66bcf22ff32d,,,Farm
a255121e-a238-40e0-abc6-5d053e1884da,e2807148-4f99-4565-970a-c3e21d956e3d,e2807148-4f99-4565-970a-c3e21d956e3d,1,1699694694538,563748b6-6df2-4990-aa54-d574de5546a2,1699694702266,563748b6-6df2-4990-aa54-d574de5546a2,,,Farm
68fa28fe-7e67-4dd4-af8e-3c30d4e19c8f,a5a96769-a147-43a1-b361-d3124b8d6ea3,e316d2e2-ee9e-4602-9108-8882a45372d7,,1699864409959,563748b6-6df2-4990-aa54-d574de5546a2,1699866681436,563748b6-6df2-4990-aa54-d574de5546a2,1699866681435,563748b6-6df2-4990-aa54-d574de5546a2,Farm
19879e9f-a7be-4499-9709-49f83b8c3d88,25725e16-a57c-4bc6-b47b-95076df1ddf0,9fe83366-1018-4bcc-913f-52716490d92c,1,1688382173344,a0463e4c-2adb-4488-aac3-66bcf22ff32d,1768898351337,9de53163-c68a-4cb9-bf61-8340acfe3061,1768898351340,7536610a-7847-4680-8a63-88a7b996207b,Farm
2fe59398-aa72-48dd-85ad-f8043e120ed7,25725e16-a57c-4bc6-b47b-95076df1ddf0,58a02234-7b95-4b29-b47b-0ef234865b4b,1,1696668673833,563748b6-6df2-4990-aa54-d574de5546a2,1768898353793,9de53163-c68a-4cb9-bf61-8340acfe3061,1768898353796,7536610a-7847-4680-8a63-88a7b996207b,Farm
711262b4-05fa-42fc-822d-ff015aca6067,25725e16-a57c-4bc6-b47b-95076df1ddf0,808b453d-ab11-43b9-9c09-22bd6f211a7e,1,1696669109867,563748b6-6df2-4990-aa54-d574de5546a2,1768898356564,9de53163-c68a-4cb9-bf61-8340acfe3061,1768898356564,7536610a-7847-4680-8a63-88a7b996207b,Farm
f78a2b9c-0e16-4061-a6f6-89421197fcae,25725e16-a57c-4bc6-b47b-95076df1ddf0,cfa773f0-c303-4dbe-b115-d154404bd956,1,1696669285585,563748b6-6df2-4990-aa54-d574de5546a2,1768898359672,9de53163-c68a-4cb9-bf61-8340acfe3061,1768898359672,7536610a-7847-4680-8a63-88a7b996207b,Farm
48116198-a870-4fc1-b6a2-14d01a6a6b3e,25725e16-a57c-4bc6-b47b-95076df1ddf0,3594fb39-8cbc-4120-a773-c96c569a6353,1,1702795734896,563748b6-6df2-4990-aa54-d574de5546a2,1768898362700,9de53163-c68a-4cb9-bf61-8340acfe3061,1768898362704,7536610a-7847-4680-8a63-88a7b996207b,Farm
f15faf69-4218-413a-aea1-724c9e831f6b,a5a96769-a147-43a1-b361-d3124b8d6ea3,20dd23cd-03cb-4915-ad58-882d07ef764f,1,1697043644022,563748b6-6df2-4990-aa54-d574de5546a2,1732686120573,9de53163-c68a-4cb9-bf61-8340acfe3061,,,Farm
a60016b3-42b7-4c0c-8f6a-7faf07bc9655,a5a96769-a147-43a1-b361-d3124b8d6ea3,c481a099-3a43-45ca-8307-8f61bcc65cc6,1,1698131748608,563748b6-6df2-4990-aa54-d574de5546a2,1739198864764,a0463e4c-2adb-4488-aac3-66bcf22ff32d,,,Farm
64342788-b6a6-46d1-8b22-c58556c47c28,cc952474-a303-4ad6-8384-c51974e0def0,20dd23cd-03cb-4915-ad58-882d07ef764f,1,1696578219928,563748b6-6df2-4990-aa54-d574de5546a2,1740470552363,a0463e4c-2adb-4488-aac3-66bcf22ff32d,,,Farm
4314f2e4-933d-472a-a7d5-b58f28a03086,392c2602-b843-4b1b-8a54-d05a33446c77,392c2602-b843-4b1b-8a54-d05a33446c77,1,1700473032051,563748b6-6df2-4990-aa54-d574de5546a2,1700474276593,563748b6-6df2-4990-aa54-d574de5546a2,1700474276592,563748b6-6df2-4990-aa54-d574de5546a2,Farm
986b70e1-5b9c-4877-be21-161890b8cb5d,f3ee8c44-da08-4ba4-82ba-15bd7ec41344,f3ee8c44-da08-4ba4-82ba-15bd7ec41344,1,1700472985819,563748b6-6df2-4990-aa54-d574de5546a2,1700474284245,563748b6-6df2-4990-aa54-d574de5546a2,1700474284242,563748b6-6df2-4990-aa54-d574de5546a2,Farm
54701fa9-46b6-413b-a0a5-900215910555,ac08ed97-dda0-4824-b7a3-ad374280dccb,ac08ed97-dda0-4824-b7a3-ad374280dccb,,1698142007737,563748b6-6df2-4990-aa54-d574de5546a2,1700474292543,563748b6-6df2-4990-aa54-d574de5546a2,1700474292543,563748b6-6df2-4990-aa54-d574de5546a2,Farm
a3f0b194-60f6-4dca-acfa-77be7218bfb6,e316d2e2-ee9e-4602-9108-8882a45372d7,ac08ed97-dda0-4824-b7a3-ad374280dccb,1,1700474306419,563748b6-6df2-4990-aa54-d574de5546a2,1700474306419,563748b6-6df2-4990-aa54-d574de5546a2,,,Farm
39ea9e86-7a62-494a-af3c-2019c397bec6,e316d2e2-ee9e-4602-9108-8882a45372d7,f3ee8c44-da08-4ba4-82ba-15bd7ec41344,1,1700474331103,563748b6-6df2-4990-aa54-d574de5546a2,1700474332928,563748b6-6df2-4990-aa54-d574de5546a2,,,Farm
8173ea32-cc9d-4fde-9921-0c4e260ab1d9,e316d2e2-ee9e-4602-9108-8882a45372d7,392c2602-b843-4b1b-8a54-d05a33446c77,1,1700474356156,563748b6-6df2-4990-aa54-d574de5546a2,1700474356156,563748b6-6df2-4990-aa54-d574de5546a2,,,Farm
465f2ab4-27e8-4483-b15f-33fed3538523,3fe1f019-995d-4086-9725-12131e0f7271,97d346f9-afd8-4f72-9fd4-136828bf8800,1,1701927610690,563748b6-6df2-4990-aa54-d574de5546a2,1701927659352,563748b6-6df2-4990-aa54-d574de5546a2,,,Farm
e4bb1a89-b3b6-4b94-b142-1a69be140e0a,e316d2e2-ee9e-4602-9108-8882a45372d7,e316d2e2-ee9e-4602-9108-8882a45372d7,1,1702029559455,563748b6-6df2-4990-aa54-d574de5546a2,1702029565042,563748b6-6df2-4990-aa54-d574de5546a2,,,Farm
9cc70b90-bb6f-4460-bf15-1a1d9c74c540,e8fa6903-9cfd-4a14-85ef-1f653da94ab9,e8fa6903-9cfd-4a14-85ef-1f653da94ab9,,1706082552605,563748b6-6df2-4990-aa54-d574de5546a2,1706082552605,563748b6-6df2-4990-aa54-d574de5546a2,,,Farm
c1eff23d-6545-40f3-99bb-fc0514218605,444ab14e-f06f-4460-a34d-6c0cd012d349,444ab14e-f06f-4460-a34d-6c0cd012d349,1,1702297176780,563748b6-6df2-4990-aa54-d574de5546a2,1702297182637,563748b6-6df2-4990-aa54-d574de5546a2,,,Farm
80a4a7ef-2c01-4013-9fcc-388a5de405e9,726c634b-f2ae-426f-b0ca-c22e4c4027fd,51dfc8bc-10d5-4cd3-9728-84f330b31025,,1702490215854,563748b6-6df2-4990-aa54-d574de5546a2,1702490215854,563748b6-6df2-4990-aa54-d574de5546a2,,,Farm
9d3ba89d-43c2-4fe5-bccf-680d9b459bfb,a5a96769-a147-43a1-b361-d3124b8d6ea3,9fe83366-1018-4bcc-913f-52716490d92c,1,1698131696878,563748b6-6df2-4990-aa54-d574de5546a2,1706274646076,563748b6-6df2-4990-aa54-d574de5546a2,,,Farm
5fda3fa3-022e-43f5-bd68-9bf6ef915980,726c634b-f2ae-426f-b0ca-c22e4c4027fd,9fe83366-1018-4bcc-913f-52716490d92c,1,1702490263543,563748b6-6df2-4990-aa54-d574de5546a2,1706274646980,563748b6-6df2-4990-aa54-d574de5546a2,,,Farm
9ddbefca-e62a-4989-b070-84f5f9a885aa,e42b6d71-bd7b-4b5f-89ce-86c3148fb992,51dfc8bc-10d5-4cd3-9728-84f330b31025,1,1700811741573,563748b6-6df2-4990-aa54-d574de5546a2,1702532824375,a0463e4c-2adb-4488-aac3-66bcf22ff32d,,,Farm
ef1f6b00-97d8-4b1f-80b6-a5d40e153165,165b107e-6c65-46bc-8f38-aa125b3d1ed1,e316d2e2-ee9e-4602-9108-8882a45372d7,1,1738312926693,9de53163-c68a-4cb9-bf61-8340acfe3061,1739357263982,892b0c33-af72-4838-a6a6-35e147b0ac7f,,,Customer
7c675de5-d465-4f71-9a73-b64bbbf6afe5,3617b6fd-a146-4826-8e7b-5bf7cccc04fb,a26323a5-4f8e-49e8-873e-768099d58346,1,1700035487027,563748b6-6df2-4990-aa54-d574de5546a2,1706274705099,563748b6-6df2-4990-aa54-d574de5546a2,,,Farm
748d00a9-eda1-4fb4-85eb-0713fc74867f,a5a96769-a147-43a1-b361-d3124b8d6ea3,e2807148-4f99-4565-970a-c3e21d956e3d,1,1702545258863,563748b6-6df2-4990-aa54-d574de5546a2,1706533908539,563748b6-6df2-4990-aa54-d574de5546a2,,,Farm
898742fd-074a-490b-a9da-75d2bff95ae1,92df203b-be58-42ec-8354-0925e037f590,92df203b-be58-42ec-8354-0925e037f590,,1706681926198,563748b6-6df2-4990-aa54-d574de5546a2,1706681926198,563748b6-6df2-4990-aa54-d574de5546a2,,,Farm
c2822809-4fbb-4313-89db-a76cb7113ac3,a26323a5-4f8e-49e8-873e-768099d58346,a26323a5-4f8e-49e8-873e-768099d58346,1,1703738655871,563748b6-6df2-4990-aa54-d574de5546a2,1703738664033,563748b6-6df2-4990-aa54-d574de5546a2,,,Farm
f8898f63-edb9-43aa-9ae5-01fb616b9cde,7daa457f-4175-42eb-94bb-52479c2c735e,7daa457f-4175-42eb-94bb-52479c2c735e,1,1704704398578,563748b6-6df2-4990-aa54-d574de5546a2,1704704406203,563748b6-6df2-4990-aa54-d574de5546a2,,,Farm
0739a95d-b794-4423-bf83-abfa62962330,daffe858-5a86-409c-9f1e-71c7fe48c241,daffe858-5a86-409c-9f1e-71c7fe48c241,1,1704977802909,563748b6-6df2-4990-aa54-d574de5546a2,1704977810169,563748b6-6df2-4990-aa54-d574de5546a2,,,Farm
68f4406e-bb6a-45ec-b980-26666d3454f2,e42b6d71-bd7b-4b5f-89ce-86c3148fb992,f65c6a5e-5b0b-4af9-9393-e10a6f9e3bc1,1,1700829327046,563748b6-6df2-4990-aa54-d574de5546a2,1705059382773,a0463e4c-2adb-4488-aac3-66bcf22ff32d,,,Farm
a4f6d975-d410-4ca2-b5ec-63404cd65192,e42b6d71-bd7b-4b5f-89ce-86c3148fb992,808b453d-ab11-43b9-9c09-22bd6f211a7e,1,1703181743774,563748b6-6df2-4990-aa54-d574de5546a2,1705305481002,a0463e4c-2adb-4488-aac3-66bcf22ff32d,,,Farm
6df978d6-2fde-4e4e-b8cd-8503587f5908,cfa773f0-c303-4dbe-b115-d154404bd956,cfa773f0-c303-4dbe-b115-d154404bd956,1,1705415933046,563748b6-6df2-4990-aa54-d574de5546a2,1705415950795,563748b6-6df2-4990-aa54-d574de5546a2,,,Farm
d1cf23bc-03d7-42d1-a0c1-db47490a4e39,7e0f5a06-8d3b-41ab-8be1-353c242a2b0f,7e0f5a06-8d3b-41ab-8be1-353c242a2b0f,1,1705477934396,563748b6-6df2-4990-aa54-d574de5546a2,1705477941968,563748b6-6df2-4990-aa54-d574de5546a2,,,Farm
1bf98180-d496-446d-b6ae-64f7f03380ed,4c89da02-8e43-4963-ad8b-42877dd29151,4c89da02-8e43-4963-ad8b-42877dd29151,1,1705478102694,563748b6-6df2-4990-aa54-d574de5546a2,1705478106789,563748b6-6df2-4990-aa54-d574de5546a2,,,Farm
4ad9347d-d060-4d8b-b6d8-11917a852379,a5a96769-a147-43a1-b361-d3124b8d6ea3,29417c88-af01-44d7-b965-274949b391df,1,1701843498972,563748b6-6df2-4990-aa54-d574de5546a2,1715077560204,a0463e4c-2adb-4488-aac3-66bcf22ff32d,,,Farm
1bafa25f-eca0-4273-8238-2fe4b8837abe,cfcda732-526e-4283-b801-135575e89251,cfcda732-526e-4283-b801-135575e89251,1,1705491296015,563748b6-6df2-4990-aa54-d574de5546a2,1705491313171,563748b6-6df2-4990-aa54-d574de5546a2,,,Farm
6cd0a38b-eb71-4c5e-91b1-5c45a42947b9,d256fa41-cbab-4634-b717-746fbaf56823,d256fa41-cbab-4634-b717-746fbaf56823,1,1705657078797,563748b6-6df2-4990-aa54-d574de5546a2,1705657084297,563748b6-6df2-4990-aa54-d574de5546a2,,,Farm
f9a7dc0b-cc9a-4577-b85a-7f73d796c037,29b03a4c-319a-44bc-a1b1-ca9c1d8570c3,29b03a4c-319a-44bc-a1b1-ca9c1d8570c3,1,1707982849868,563748b6-6df2-4990-aa54-d574de5546a2,1707982860424,563748b6-6df2-4990-aa54-d574de5546a2,,,Farm
f79ca045-d372-4e2d-80be-01e54968ef1a,86ac654e-04ae-4c92-a41a-d5aa4613a4dc,a331e549-8e1a-432b-9ac4-d8fe939105d8,1,1710333989233,9de53163-c68a-4cb9-bf61-8340acfe3061,1710399962739,9de53163-c68a-4cb9-bf61-8340acfe3061,,,Customer
9e2497e7-3866-46e6-8d7b-e80459ba4acf,86ac654e-04ae-4c92-a41a-d5aa4613a4dc,3ca27666-5a69-4722-ae14-6a7e2d1a417a,1,1709205312144,a0463e4c-2adb-4488-aac3-66bcf22ff32d,1710417930667,9de53163-c68a-4cb9-bf61-8340acfe3061,,,Customer
ad020835-9d88-4041-9329-87c0c09d4a90,0b2d8f6e-ee34-4695-a4c0-7e415963072a,0b2d8f6e-ee34-4695-a4c0-7e415963072a,1,1701066878841,563748b6-6df2-4990-aa54-d574de5546a2,1710936389869,563748b6-6df2-4990-aa54-d574de5546a2,1710936389863,a0463e4c-2adb-4488-aac3-66bcf22ff32d,Farm
2078bbfd-b613-429e-b685-e8e681f5e3e0,2635bc56-110a-4d14-8431-e8db69a2ca69,0b2d8f6e-ee34-4695-a4c0-7e415963072a,1,1707982534104,a0463e4c-2adb-4488-aac3-66bcf22ff32d,1710936395230,a0463e4c-2adb-4488-aac3-66bcf22ff32d,1710936395229,a0463e4c-2adb-4488-aac3-66bcf22ff32d,Customer
bf39f895-10f9-4900-8c7f-99fe0ff308d4,86ac654e-04ae-4c92-a41a-d5aa4613a4dc,6316326b-45da-4553-a852-66bc031c8160,1,1710417791008,9de53163-c68a-4cb9-bf61-8340acfe3061,1710417882542,9de53163-c68a-4cb9-bf61-8340acfe3061,,,Customer
f824d2b0-e599-4874-954c-ee18189a4707,25725e16-a57c-4bc6-b47b-95076df1ddf0,0b2d8f6e-ee34-4695-a4c0-7e415963072a,1,1707976911499,9de53163-c68a-4cb9-bf61-8340acfe3061,1710936392661,9de53163-c68a-4cb9-bf61-8340acfe3061,1710936392660,a0463e4c-2adb-4488-aac3-66bcf22ff32d,Customer
95592f6d-f151-4177-ad41-cf45ff7f1886,a542b738-07d0-48cf-893a-450491917e21,a542b738-07d0-48cf-893a-450491917e21,1,1711086478031,9de53163-c68a-4cb9-bf61-8340acfe3061,1711086488783,9de53163-c68a-4cb9-bf61-8340acfe3061,,,Farm
059f3174-5ffb-4d25-81c1-80703f3a74b4,25725e16-a57c-4bc6-b47b-95076df1ddf0,a9476a90-8cb5-4b5d-927b-f51afd293571,1,1704270850554,563748b6-6df2-4990-aa54-d574de5546a2,1768898369183,9de53163-c68a-4cb9-bf61-8340acfe3061,1768898369186,7536610a-7847-4680-8a63-88a7b996207b,Farm
b5424f45-39d5-4381-a594-6fa9774b1dc2,25725e16-a57c-4bc6-b47b-95076df1ddf0,e2807148-4f99-4565-970a-c3e21d956e3d,1,1706030303301,563748b6-6df2-4990-aa54-d574de5546a2,1768898373472,9de53163-c68a-4cb9-bf61-8340acfe3061,1768898373475,7536610a-7847-4680-8a63-88a7b996207b,Farm
fc647749-ccb2-4c05-9c4b-91f93eeed02d,25725e16-a57c-4bc6-b47b-95076df1ddf0,f513b8d6-6ad2-414e-805f-b6b83719ee99,1,1707977772540,9de53163-c68a-4cb9-bf61-8340acfe3061,1768898378064,9de53163-c68a-4cb9-bf61-8340acfe3061,1768898378064,7536610a-7847-4680-8a63-88a7b996207b,Farm
93ebb964-c5d0-4da4-ad32-477fccfe359a,25725e16-a57c-4bc6-b47b-95076df1ddf0,6c2eae8d-928c-4f48-9cf0-b61c815ee51d,1,1705924229039,563748b6-6df2-4990-aa54-d574de5546a2,1768898387530,9de53163-c68a-4cb9-bf61-8340acfe3061,1768898387530,7536610a-7847-4680-8a63-88a7b996207b,Farm
185c64fb-8778-4886-90e4-dab4ced05c46,25725e16-a57c-4bc6-b47b-95076df1ddf0,fbcbd663-bbc1-4fee-9ad9-0d51d3c1101f,1,1710310194746,9de53163-c68a-4cb9-bf61-8340acfe3061,1768898390452,9de53163-c68a-4cb9-bf61-8340acfe3061,1768898390455,7536610a-7847-4680-8a63-88a7b996207b,Farm
f69441e8-b89a-406a-b075-97bd16894603,de7122ee-e5eb-4ce1-9e75-64cf3a6021ff,6316326b-45da-4553-a852-66bc031c8160,1,1710415855420,9de53163-c68a-4cb9-bf61-8340acfe3061,1738577815336,a0463e4c-2adb-4488-aac3-66bcf22ff32d,,,Customer
edc35aec-2c98-4eb0-bea3-e3f895bf3fad,a5a96769-a147-43a1-b361-d3124b8d6ea3,1e157604-e16a-4816-ad4d-9b822d5bd1f4,1,1702556889211,563748b6-6df2-4990-aa54-d574de5546a2,1766398055060,7536610a-7847-4680-8a63-88a7b996207b,,,Farm
9ec6f151-df58-40dc-b2a2-0824a5b8dbfd,25725e16-a57c-4bc6-b47b-95076df1ddf0,daffe858-5a86-409c-9f1e-71c7fe48c241,1,1705406601849,563748b6-6df2-4990-aa54-d574de5546a2,1768898366184,9de53163-c68a-4cb9-bf61-8340acfe3061,1768898366187,7536610a-7847-4680-8a63-88a7b996207b,Farm
17330671-0e88-4a33-a37b-a807478eeffc,68127cf7-8afb-4b95-ba8f-168167e03b82,7ec1cf3c-cbc1-4af4-9579-1dae2df7e06f,1,1710487929552,a0463e4c-2adb-4488-aac3-66bcf22ff32d,1736921189087,a0463e4c-2adb-4488-aac3-66bcf22ff32d,1736921189085,a0463e4c-2adb-4488-aac3-66bcf22ff32d,Farm
8500ca52-d9c1-4c4f-ac65-2c0513d61678,f9f015c1-3c89-4f1b-854d-e934cbdf3791,f9f015c1-3c89-4f1b-854d-e934cbdf3791,1,1711086867873,9de53163-c68a-4cb9-bf61-8340acfe3061,1711086877082,9de53163-c68a-4cb9-bf61-8340acfe3061,,,Farm
31fe4893-6cdb-470e-ac06-463c8ddb3885,bfb26a65-85bf-42ad-8738-b58ad23c2322,bfb26a65-85bf-42ad-8738-b58ad23c2322,1,1711089871589,9de53163-c68a-4cb9-bf61-8340acfe3061,1711089882821,9de53163-c68a-4cb9-bf61-8340acfe3061,,,Farm
663015ca-28be-4c96-9f7e-5079bee1ed9d,86ac654e-04ae-4c92-a41a-d5aa4613a4dc,f513b8d6-6ad2-414e-805f-b6b83719ee99,1,1711094161941,9de53163-c68a-4cb9-bf61-8340acfe3061,1711094169867,9de53163-c68a-4cb9-bf61-8340acfe3061,,,Customer
c02efdd8-2274-443c-94eb-26e55165697e,af95466d-38ef-46cc-8e6a-65b3b95b41e6,cfa773f0-c303-4dbe-b115-d154404bd956,1,1712131693600,a0463e4c-2adb-4488-aac3-66bcf22ff32d,1712131697759,a0463e4c-2adb-4488-aac3-66bcf22ff32d,,,Farm
bf375876-0185-405b-b390-451fcd224913,af95466d-38ef-46cc-8e6a-65b3b95b41e6,cfa773f0-c303-4dbe-b115-d154404bd956,,1712132094920,a0463e4c-2adb-4488-aac3-66bcf22ff32d,1712132107080,a0463e4c-2adb-4488-aac3-66bcf22ff32d,1712132107079,a0463e4c-2adb-4488-aac3-66bcf22ff32d,Farm
cb61d7dc-cf5c-4292-ad42-3555e08a4b19,86ac654e-04ae-4c92-a41a-d5aa4613a4dc,7e60cbf0-7bec-411b-9c36-3b471714d40d,1,1712298076433,9de53163-c68a-4cb9-bf61-8340acfe3061,1712298108169,9de53163-c68a-4cb9-bf61-8340acfe3061,,,Customer
2fae2e16-4069-472d-aa25-d263464b0843,86ac654e-04ae-4c92-a41a-d5aa4613a4dc,592f854f-0516-40cd-aa85-b9d5d96250ce,1,1712305238401,9de53163-c68a-4cb9-bf61-8340acfe3061,1712305243924,9de53163-c68a-4cb9-bf61-8340acfe3061,,,Farm
a4be08a1-5428-4254-8607-a0dd8fbead47,bf7973ec-ce0c-49fa-a65a-cb543b6527c5,bf7973ec-ce0c-49fa-a65a-cb543b6527c5,1,1712582380192,9de53163-c68a-4cb9-bf61-8340acfe3061,1712582392757,9de53163-c68a-4cb9-bf61-8340acfe3061,,,Farm
cf758c11-73d8-4b05-954e-3b74c9fe368c,25725e16-a57c-4bc6-b47b-95076df1ddf0,bf7973ec-ce0c-49fa-a65a-cb543b6527c5,,1712583163704,9de53163-c68a-4cb9-bf61-8340acfe3061,1712583307934,9de53163-c68a-4cb9-bf61-8340acfe3061,1712583307932,9de53163-c68a-4cb9-bf61-8340acfe3061,Farm
a8055e6c-b654-4b0a-8a2c-65c6253d880b,86ac654e-04ae-4c92-a41a-d5aa4613a4dc,fbcbd663-bbc1-4fee-9ad9-0d51d3c1101f,1,1712654843765,9de53163-c68a-4cb9-bf61-8340acfe3061,1712654876687,9de53163-c68a-4cb9-bf61-8340acfe3061,,,Customer
86569390-5dee-4d09-874e-0969df9c5ddd,a6931657-4402-4db5-ab37-7de15121e0e6,a6931657-4402-4db5-ab37-7de15121e0e6,1,1712745359053,a0463e4c-2adb-4488-aac3-66bcf22ff32d,1712745367465,a0463e4c-2adb-4488-aac3-66bcf22ff32d,,,Farm
1ca9fcc4-a487-4e9f-96f1-aa5e1bc2c149,86ac654e-04ae-4c92-a41a-d5aa4613a4dc,c18b8d80-e9c5-43d8-b4b8-0bfaab706dcd,1,1712908547642,9de53163-c68a-4cb9-bf61-8340acfe3061,1712908558084,9de53163-c68a-4cb9-bf61-8340acfe3061,,,Customer
39c0971c-5dc7-4077-add0-6fc1fbff1c9a,1a2db108-6673-4fd8-98bf-b7ed858da60b,76bb7082-9e87-42b7-8fbf-9a29dd13048e,1,1713969027578,a0463e4c-2adb-4488-aac3-66bcf22ff32d,1713969070380,a0463e4c-2adb-4488-aac3-66bcf22ff32d,,,Customer
8d0a751d-ce25-427c-90eb-e5c1ceb6e16b,76bb7082-9e87-42b7-8fbf-9a29dd13048e,76bb7082-9e87-42b7-8fbf-9a29dd13048e,1,1713950757632,a0463e4c-2adb-4488-aac3-66bcf22ff32d,1713969089663,a0463e4c-2adb-4488-aac3-66bcf22ff32d,1713969089662,a0463e4c-2adb-4488-aac3-66bcf22ff32d,Farm
a86a1875-80a9-47ff-a42f-cc17606d0a4a,1a2db108-6673-4fd8-98bf-b7ed858da60b,a72a45fd-83cd-4b7c-b829-39fdd9d73f3a,1,1713969338780,a0463e4c-2adb-4488-aac3-66bcf22ff32d,1713969344956,a0463e4c-2adb-4488-aac3-66bcf22ff32d,,,Customer
eecae86d-38d4-4f4b-92f4-a0a35efa8504,da74e276-3ad4-4415-84c5-35e4ec1ad3d0,fd68bfa4-f926-44a9-a321-a24ad54484dd,1,1714647805440,9de53163-c68a-4cb9-bf61-8340acfe3061,1714647819296,9de53163-c68a-4cb9-bf61-8340acfe3061,,,Customer
292ea56f-915c-4ec7-bc2a-c731c737684f,da74e276-3ad4-4415-84c5-35e4ec1ad3d0,587ec878-70e4-4ba3-8acf-2db8d074322d,1,1714648332330,9de53163-c68a-4cb9-bf61-8340acfe3061,1714648347229,9de53163-c68a-4cb9-bf61-8340acfe3061,,,Customer
4bd13c8f-71aa-4a74-83aa-c75710eb454f,a5a96769-a147-43a1-b361-d3124b8d6ea3,a542b738-07d0-48cf-893a-450491917e21,1,1715065450035,9de53163-c68a-4cb9-bf61-8340acfe3061,1715077529087,a0463e4c-2adb-4488-aac3-66bcf22ff32d,,,Farm
e2de70a1-a4ed-4124-be1d-bbbb5998b297,25725e16-a57c-4bc6-b47b-95076df1ddf0,1a2db108-6673-4fd8-98bf-b7ed858da60b,1,1712217968603,9de53163-c68a-4cb9-bf61-8340acfe3061,1768898392910,9de53163-c68a-4cb9-bf61-8340acfe3061,1768898392914,7536610a-7847-4680-8a63-88a7b996207b,Farm
4c65c33e-a27f-40fd-a5c5-d42f4af5eb4d,a5a96769-a147-43a1-b361-d3124b8d6ea3,f65c6a5e-5b0b-4af9-9393-e10a6f9e3bc1,1,1714820293248,9de53163-c68a-4cb9-bf61-8340acfe3061,1715077563363,a0463e4c-2adb-4488-aac3-66bcf22ff32d,,,Farm
6f5475aa-08c0-4b79-aecf-02b56b6252cd,1a2db108-6673-4fd8-98bf-b7ed858da60b,1a2db108-6673-4fd8-98bf-b7ed858da60b,1,1715246363889,9de53163-c68a-4cb9-bf61-8340acfe3061,1715246367790,9de53163-c68a-4cb9-bf61-8340acfe3061,,,Farm
22145896-18eb-48fb-b6eb-5e572678f32d,86ac654e-04ae-4c92-a41a-d5aa4613a4dc,6cacecee-d710-4475-9067-369a91f8d620,1,1715674316955,9de53163-c68a-4cb9-bf61-8340acfe3061,1715674409046,9de53163-c68a-4cb9-bf61-8340acfe3061,,,Farm
f793ab68-9af2-4695-bc6c-9ab577484ae0,86ac654e-04ae-4c92-a41a-d5aa4613a4dc,daffe858-5a86-409c-9f1e-71c7fe48c241,1,1718190547798,9de53163-c68a-4cb9-bf61-8340acfe3061,1718190567222,9de53163-c68a-4cb9-bf61-8340acfe3061,,,Farm
16c8d56d-190a-4fff-8f78-2fcb039ca6b6,86ac654e-04ae-4c92-a41a-d5aa4613a4dc,0e668ede-6c66-4bf0-a87c-043303dfd5a7,1,1718261086996,9de53163-c68a-4cb9-bf61-8340acfe3061,1718261106954,9de53163-c68a-4cb9-bf61-8340acfe3061,,,Farm
4e7b5e10-bf56-4ead-8d16-6d77d9dc25bd,e42b6d71-bd7b-4b5f-89ce-86c3148fb992,cfa773f0-c303-4dbe-b115-d154404bd956,,1722945162705,a0463e4c-2adb-4488-aac3-66bcf22ff32d,1722945162705,a0463e4c-2adb-4488-aac3-66bcf22ff32d,,,Farm
a3c847fc-bafc-4136-8b2e-f459311cabd8,86ac654e-04ae-4c92-a41a-d5aa4613a4dc,c36294de-c73c-4cad-a482-6b0a2b1c9a48,,1724926198066,9de53163-c68a-4cb9-bf61-8340acfe3061,1724926218289,9de53163-c68a-4cb9-bf61-8340acfe3061,,,Customer
6a30fe1d-0785-43b6-9476-c225006405f8,86ac654e-04ae-4c92-a41a-d5aa4613a4dc,a47e99fc-98f4-4bb6-bbc6-8f333040f8a2,1,1725269377509,9de53163-c68a-4cb9-bf61-8340acfe3061,1725269390738,9de53163-c68a-4cb9-bf61-8340acfe3061,,,Customer
80831b05-108a-4343-951c-da5e9f0d6d91,86ac654e-04ae-4c92-a41a-d5aa4613a4dc,f0d03f50-a4bb-4b83-98cb-3b7f5a9f8d7a,1,1725269874477,9de53163-c68a-4cb9-bf61-8340acfe3061,1725269883008,9de53163-c68a-4cb9-bf61-8340acfe3061,,,Customer
5245cbbd-d1fb-432a-baed-af96b5e8ef77,6cacecee-d710-4475-9067-369a91f8d620,6cacecee-d710-4475-9067-369a91f8d620,1,1725620922918,a0463e4c-2adb-4488-aac3-66bcf22ff32d,1725620945068,a0463e4c-2adb-4488-aac3-66bcf22ff32d,,,Farm
937ffc86-9930-4dfb-92c4-2b9a20db4be3,dea10c35-1012-4f81-a402-1db1771f063f,f0d03f50-a4bb-4b83-98cb-3b7f5a9f8d7a,1,1726125095375,a0463e4c-2adb-4488-aac3-66bcf22ff32d,1726125125440,a0463e4c-2adb-4488-aac3-66bcf22ff32d,,,Customer
ee855dd4-ef9d-48dc-a3a6-8f3611a3e697,dea10c35-1012-4f81-a402-1db1771f063f,11cc3305-e90b-4953-9c8e-80ed542af33d,1,1726218022164,9de53163-c68a-4cb9-bf61-8340acfe3061,1726218028577,9de53163-c68a-4cb9-bf61-8340acfe3061,,,Customer
6bb53f23-7b86-46f1-9c3c-a2b2568c84c5,f520731f-a435-4967-b890-c34850466840,6cacecee-d710-4475-9067-369a91f8d620,1,1728319223492,a0463e4c-2adb-4488-aac3-66bcf22ff32d,1728319247535,a0463e4c-2adb-4488-aac3-66bcf22ff32d,,,Farm
fd9e8397-ee9d-40bf-847b-71a1a8bf04fc,f520731f-a435-4967-b890-c34850466840,c18b8d80-e9c5-43d8-b4b8-0bfaab706dcd,1,1728319289608,a0463e4c-2adb-4488-aac3-66bcf22ff32d,1728319321135,a0463e4c-2adb-4488-aac3-66bcf22ff32d,,,Farm
4953db7b-b370-4f40-b27a-30411190be19,f520731f-a435-4967-b890-c34850466840,a26323a5-4f8e-49e8-873e-768099d58346,1,1728319305406,a0463e4c-2adb-4488-aac3-66bcf22ff32d,1728319337510,a0463e4c-2adb-4488-aac3-66bcf22ff32d,,,Farm
d1867bc6-cf1f-4353-b256-4afb04005161,f520731f-a435-4967-b890-c34850466840,a9476a90-8cb5-4b5d-927b-f51afd293571,1,1728319314739,a0463e4c-2adb-4488-aac3-66bcf22ff32d,1728319358626,a0463e4c-2adb-4488-aac3-66bcf22ff32d,,,Farm
5c96e187-ea54-4a15-99ea-6ab7a3d0c62c,a28fa6a9-a531-4ce3-9a31-2b0b1cf326cd,c36294de-c73c-4cad-a482-6b0a2b1c9a48,1,1728319765781,a0463e4c-2adb-4488-aac3-66bcf22ff32d,1728470940246,a0463e4c-2adb-4488-aac3-66bcf22ff32d,1728470940245,a0463e4c-2adb-4488-aac3-66bcf22ff32d,Farm
eb36e682-75d4-4a2a-ad3b-d5cc6e8e565d,a28fa6a9-a531-4ce3-9a31-2b0b1cf326cd,84151104-e9a0-4bd4-9fd7-ad687656ec1e,1,1728319773248,a0463e4c-2adb-4488-aac3-66bcf22ff32d,1728470942269,a0463e4c-2adb-4488-aac3-66bcf22ff32d,1728470942268,a0463e4c-2adb-4488-aac3-66bcf22ff32d,Farm
6cf1bd6a-24f9-400a-b483-0e9cc03384bf,a28fa6a9-a531-4ce3-9a31-2b0b1cf326cd,97d346f9-afd8-4f72-9fd4-136828bf8800,1,1728319788214,a0463e4c-2adb-4488-aac3-66bcf22ff32d,1728470944550,a0463e4c-2adb-4488-aac3-66bcf22ff32d,1728470944549,a0463e4c-2adb-4488-aac3-66bcf22ff32d,Farm
fa332774-d6a5-4d09-815a-530c7d272c81,a28fa6a9-a531-4ce3-9a31-2b0b1cf326cd,cf3de9a8-abaa-489c-892b-2885f7113732,1,1728319780924,a0463e4c-2adb-4488-aac3-66bcf22ff32d,1728470947526,a0463e4c-2adb-4488-aac3-66bcf22ff32d,1728470947525,a0463e4c-2adb-4488-aac3-66bcf22ff32d,Farm
283aab3e-123c-4f4e-a169-84caae99bfb5,a5a96769-a147-43a1-b361-d3124b8d6ea3,76bb7082-9e87-42b7-8fbf-9a29dd13048e,1,1714727359423,9de53163-c68a-4cb9-bf61-8340acfe3061,1732294808368,9de53163-c68a-4cb9-bf61-8340acfe3061,,,Farm
78642c41-84ea-49db-b37a-5cd8fd059c3b,a5a96769-a147-43a1-b361-d3124b8d6ea3,6316326b-45da-4553-a852-66bc031c8160,1,1715082998837,9de53163-c68a-4cb9-bf61-8340acfe3061,1732294809634,9de53163-c68a-4cb9-bf61-8340acfe3061,,,Farm
f4b87404-12e9-40b8-9dd4-82d7d3f57606,a5a96769-a147-43a1-b361-d3124b8d6ea3,cff48c09-6a5d-4f3a-b8c7-0ec066cbc2d7,1,1714644226175,9de53163-c68a-4cb9-bf61-8340acfe3061,1732294816969,9de53163-c68a-4cb9-bf61-8340acfe3061,,,Farm
6e10becb-e26f-4a93-bccf-71259771e9c2,a5a96769-a147-43a1-b361-d3124b8d6ea3,3594fb39-8cbc-4120-a773-c96c569a6353,1,1714807360467,9de53163-c68a-4cb9-bf61-8340acfe3061,1732686112270,9de53163-c68a-4cb9-bf61-8340acfe3061,,,Farm
de7e9fb3-16b1-40a8-b30a-eedbae57594f,68127cf7-8afb-4b95-ba8f-168167e03b82,00f0ddaf-3ec0-416b-b096-4fc9cb995119,1,1723019290361,a0463e4c-2adb-4488-aac3-66bcf22ff32d,1736921191953,a0463e4c-2adb-4488-aac3-66bcf22ff32d,1736921191954,a0463e4c-2adb-4488-aac3-66bcf22ff32d,Farm
c931a50d-9e57-4ac2-b0a0-b439d977dff0,68127cf7-8afb-4b95-ba8f-168167e03b82,b7ca41d7-af3a-4bb0-a16e-b38dfa4771d8,1,1727094037976,a0463e4c-2adb-4488-aac3-66bcf22ff32d,1736921194619,a0463e4c-2adb-4488-aac3-66bcf22ff32d,1736921194620,a0463e4c-2adb-4488-aac3-66bcf22ff32d,Farm
656678d1-b163-4de6-80a9-2628ee462cd6,93856662-fac6-4edf-b76e-5759a85e9280,7495ec6e-c6c6-4be2-a525-0321f4a54e82,1,1726078137779,a0463e4c-2adb-4488-aac3-66bcf22ff32d,1736921225439,a0463e4c-2adb-4488-aac3-66bcf22ff32d,1736921225440,a0463e4c-2adb-4488-aac3-66bcf22ff32d,Farm
26f8b796-b3b9-4a91-9999-47e220da976d,64de0883-8c71-4ee8-a445-654d21db5426,97d346f9-afd8-4f72-9fd4-136828bf8800,1,1728319991411,a0463e4c-2adb-4488-aac3-66bcf22ff32d,1728320002229,a0463e4c-2adb-4488-aac3-66bcf22ff32d,,,Farm
202352f0-48ba-48f0-b9d4-7ded012ef832,f520731f-a435-4967-b890-c34850466840,9b40088c-b44e-4707-bded-56fc84e4478a,1,1731333590607,9de53163-c68a-4cb9-bf61-8340acfe3061,1754034710809,7536610a-7847-4680-8a63-88a7b996207b,,,Farm
5a4c9e0b-8b6f-4410-bd6e-3831ed541f46,25725e16-a57c-4bc6-b47b-95076df1ddf0,0e668ede-6c66-4bf0-a87c-043303dfd5a7,1,1688382359159,a0463e4c-2adb-4488-aac3-66bcf22ff32d,1768898396403,a0463e4c-2adb-4488-aac3-66bcf22ff32d,1768898396403,7536610a-7847-4680-8a63-88a7b996207b,Farm
7091da13-cce9-4eaf-8321-d27337732f55,25725e16-a57c-4bc6-b47b-95076df1ddf0,5d566c2b-d2f4-477a-beff-5a7529be622e,1,1705846083956,563748b6-6df2-4990-aa54-d574de5546a2,1768898399912,9de53163-c68a-4cb9-bf61-8340acfe3061,1768898399912,7536610a-7847-4680-8a63-88a7b996207b,Farm
dbffc835-032f-4d41-b1a7-0b820c38cffe,25725e16-a57c-4bc6-b47b-95076df1ddf0,bf7973ec-ce0c-49fa-a65a-cb543b6527c5,1,1702795745392,563748b6-6df2-4990-aa54-d574de5546a2,1768898402856,9de53163-c68a-4cb9-bf61-8340acfe3061,1768898402859,7536610a-7847-4680-8a63-88a7b996207b,Farm
d2bdbf2d-6288-4b98-9a71-26a36b744b2d,64de0883-8c71-4ee8-a445-654d21db5426,daffe858-5a86-409c-9f1e-71c7fe48c241,1,1728320104099,a0463e4c-2adb-4488-aac3-66bcf22ff32d,1728320450238,a0463e4c-2adb-4488-aac3-66bcf22ff32d,,,Farm
3d7a20ba-f5eb-4a58-a4aa-610e066091ce,64de0883-8c71-4ee8-a445-654d21db5426,a542b738-07d0-48cf-893a-450491917e21,1,1728320055815,a0463e4c-2adb-4488-aac3-66bcf22ff32d,1728320469145,a0463e4c-2adb-4488-aac3-66bcf22ff32d,,,Farm
ca5e3fc3-9a71-4cb4-abec-f990be590fbb,f520731f-a435-4967-b890-c34850466840,a542b738-07d0-48cf-893a-450491917e21,1,1728320068700,a0463e4c-2adb-4488-aac3-66bcf22ff32d,1728320480936,a0463e4c-2adb-4488-aac3-66bcf22ff32d,,,Farm
87dd8503-431b-4ec2-afc8-1977c5350b49,64de0883-8c71-4ee8-a445-654d21db5426,f513b8d6-6ad2-414e-805f-b6b83719ee99,1,1728320081730,a0463e4c-2adb-4488-aac3-66bcf22ff32d,1728320496354,a0463e4c-2adb-4488-aac3-66bcf22ff32d,,,Farm
8b6f217c-42c0-4777-900f-dbaa49993124,64de0883-8c71-4ee8-a445-654d21db5426,76bb7082-9e87-42b7-8fbf-9a29dd13048e,1,1728320089351,a0463e4c-2adb-4488-aac3-66bcf22ff32d,1728320540667,a0463e4c-2adb-4488-aac3-66bcf22ff32d,,,Farm
e9515e72-e829-4f2c-83d9-29901a35ce87,64de0883-8c71-4ee8-a445-654d21db5426,a72a45fd-83cd-4b7c-b829-39fdd9d73f3a,1,1728320095966,a0463e4c-2adb-4488-aac3-66bcf22ff32d,1728320550087,a0463e4c-2adb-4488-aac3-66bcf22ff32d,,,Farm
b7d8ebc1-ca37-4c68-a242-58ec5bf9aace,a28fa6a9-a531-4ce3-9a31-2b0b1cf326cd,97d346f9-afd8-4f72-9fd4-136828bf8800,,1728364055002,a0463e4c-2adb-4488-aac3-66bcf22ff32d,1728364086818,a0463e4c-2adb-4488-aac3-66bcf22ff32d,1728364086818,a0463e4c-2adb-4488-aac3-66bcf22ff32d,Farm
392be0a7-1760-4663-aed1-8dfdddd16e53,f520731f-a435-4967-b890-c34850466840,e2807148-4f99-4565-970a-c3e21d956e3d,1,1728369303622,a0463e4c-2adb-4488-aac3-66bcf22ff32d,1728369319423,a0463e4c-2adb-4488-aac3-66bcf22ff32d,,,Farm
26a7565f-0386-4b69-8732-628d71f0e7d3,64de0883-8c71-4ee8-a445-654d21db5426,e2807148-4f99-4565-970a-c3e21d956e3d,1,1728369314069,a0463e4c-2adb-4488-aac3-66bcf22ff32d,1728369333619,a0463e4c-2adb-4488-aac3-66bcf22ff32d,,,Farm
6c650fc7-dff2-47f9-ba56-f2d7fbb42abd,f520731f-a435-4967-b890-c34850466840,a72a45fd-83cd-4b7c-b829-39fdd9d73f3a,1,1728406979725,a0463e4c-2adb-4488-aac3-66bcf22ff32d,1728406993598,a0463e4c-2adb-4488-aac3-66bcf22ff32d,,,Farm
6075fecf-9f06-47d8-a01c-b3bd7b66eeb5,f520731f-a435-4967-b890-c34850466840,76bb7082-9e87-42b7-8fbf-9a29dd13048e,1,1728406988465,a0463e4c-2adb-4488-aac3-66bcf22ff32d,1728407007772,a0463e4c-2adb-4488-aac3-66bcf22ff32d,,,Farm
aa27b1cc-a0a1-4554-8fe2-6c91aee690f8,f520731f-a435-4967-b890-c34850466840,0d6b570d-7947-478a-8e0d-adc36a0497c0,1,1728460487834,a0463e4c-2adb-4488-aac3-66bcf22ff32d,1728460493302,a0463e4c-2adb-4488-aac3-66bcf22ff32d,,,Farm
49ebea8e-2cf8-4f3f-9ef3-c8fd14cb9337,f520731f-a435-4967-b890-c34850466840,092ef181-2c9f-4b2a-93b4-f090d451b206,1,1728464259431,a0463e4c-2adb-4488-aac3-66bcf22ff32d,1728464264315,a0463e4c-2adb-4488-aac3-66bcf22ff32d,,,Farm
640fce64-7ea7-4786-b7dd-8181c906aee6,f520731f-a435-4967-b890-c34850466840,0d6b570d-7947-478a-8e0d-adc36a0497c0,,1728466029707,a0463e4c-2adb-4488-aac3-66bcf22ff32d,1728466045117,a0463e4c-2adb-4488-aac3-66bcf22ff32d,1728466045117,a0463e4c-2adb-4488-aac3-66bcf22ff32d,Farm
3b644db3-e6d7-47b3-897c-054e618f698f,64de0883-8c71-4ee8-a445-654d21db5426,cf3de9a8-abaa-489c-892b-2885f7113732,1,1728470501961,a0463e4c-2adb-4488-aac3-66bcf22ff32d,1728470510593,a0463e4c-2adb-4488-aac3-66bcf22ff32d,,,Farm
be906805-e411-4c63-a22c-5fc1f45597c3,64de0883-8c71-4ee8-a445-654d21db5426,84151104-e9a0-4bd4-9fd7-ad687656ec1e,1,1728470494625,a0463e4c-2adb-4488-aac3-66bcf22ff32d,1728470526465,a0463e4c-2adb-4488-aac3-66bcf22ff32d,,,Farm
6c5f8fc6-7b46-45ea-a256-05887e0ef2b5,64de0883-8c71-4ee8-a445-654d21db5426,c36294de-c73c-4cad-a482-6b0a2b1c9a48,1,1728470487506,a0463e4c-2adb-4488-aac3-66bcf22ff32d,1728470566299,a0463e4c-2adb-4488-aac3-66bcf22ff32d,,,Farm
8ad51843-0795-4d21-86f7-5e884991984b,f520731f-a435-4967-b890-c34850466840,daffe858-5a86-409c-9f1e-71c7fe48c241,1,1728466015776,a0463e4c-2adb-4488-aac3-66bcf22ff32d,1728470612858,a0463e4c-2adb-4488-aac3-66bcf22ff32d,,,Farm
4f230d1c-e8c1-449d-8bdb-0a5e8322a5a4,64de0883-8c71-4ee8-a445-654d21db5426,cf3de9a8-abaa-489c-892b-2885f7113732,1,1728470469304,a0463e4c-2adb-4488-aac3-66bcf22ff32d,1728470730924,a0463e4c-2adb-4488-aac3-66bcf22ff32d,1728470730924,a0463e4c-2adb-4488-aac3-66bcf22ff32d,Farm
77948f0f-75f6-4d53-bc55-c6d3f5b43650,64de0883-8c71-4ee8-a445-654d21db5426,bf7973ec-ce0c-49fa-a65a-cb543b6527c5,1,1728485120275,a0463e4c-2adb-4488-aac3-66bcf22ff32d,1728485138126,a0463e4c-2adb-4488-aac3-66bcf22ff32d,,,Farm
ee8923fd-5abe-4e23-86c1-03b51e4564de,64de0883-8c71-4ee8-a445-654d21db5426,3594fb39-8cbc-4120-a773-c96c569a6353,1,1728485129044,a0463e4c-2adb-4488-aac3-66bcf22ff32d,1728485157374,a0463e4c-2adb-4488-aac3-66bcf22ff32d,,,Farm
d90c9997-0442-45e6-b5e6-a17aa74bdef2,f520731f-a435-4967-b890-c34850466840,f513b8d6-6ad2-414e-805f-b6b83719ee99,1,1728488167719,a0463e4c-2adb-4488-aac3-66bcf22ff32d,1728488174758,a0463e4c-2adb-4488-aac3-66bcf22ff32d,,,Farm
9de2e8f8-cb4a-445f-bcd3-8b9fb80779b1,f520731f-a435-4967-b890-c34850466840,29417c88-af01-44d7-b965-274949b391df,1,1728488157559,a0463e4c-2adb-4488-aac3-66bcf22ff32d,1728562273790,a0463e4c-2adb-4488-aac3-66bcf22ff32d,,,Farm
1043ca6d-4f1c-4bf8-ba4e-ef695c2fe12a,f520731f-a435-4967-b890-c34850466840,6316326b-45da-4553-a852-66bc031c8160,1,1728562047404,a0463e4c-2adb-4488-aac3-66bcf22ff32d,1728562279305,a0463e4c-2adb-4488-aac3-66bcf22ff32d,,,Farm
9f584771-8e69-4200-a057-6cef0d8922b8,f520731f-a435-4967-b890-c34850466840,6ba4e615-05d5-4b0c-bae4-f9915aef3d09,1,1728562492123,a0463e4c-2adb-4488-aac3-66bcf22ff32d,1728562497028,a0463e4c-2adb-4488-aac3-66bcf22ff32d,,,Farm
313b9493-8bb4-4ee6-9a4c-c02416afb157,8fe84d0b-eb1e-47cc-8653-214d6ef74cdc,8fe84d0b-eb1e-47cc-8653-214d6ef74cdc,1,1705905335620,563748b6-6df2-4990-aa54-d574de5546a2,1728626299635,a0463e4c-2adb-4488-aac3-66bcf22ff32d,,,Farm
809e54c4-7c01-4403-ae4e-a6c208e049a6,f520731f-a435-4967-b890-c34850466840,3594fb39-8cbc-4120-a773-c96c569a6353,1,1728640040250,9de53163-c68a-4cb9-bf61-8340acfe3061,1728640051681,9de53163-c68a-4cb9-bf61-8340acfe3061,,,Farm
01dad4c7-0dc8-4c70-8198-f936b4253a73,f520731f-a435-4967-b890-c34850466840,bf7973ec-ce0c-49fa-a65a-cb543b6527c5,1,1728640405112,9de53163-c68a-4cb9-bf61-8340acfe3061,1728640419081,9de53163-c68a-4cb9-bf61-8340acfe3061,,,Farm
3fa59a28-0253-4f34-8d58-b40e1ab9bddc,74a00592-9391-463d-8ff6-b24817821110,da74e276-3ad4-4415-84c5-35e4ec1ad3d0,,1728903074080,a0463e4c-2adb-4488-aac3-66bcf22ff32d,1728903092187,a0463e4c-2adb-4488-aac3-66bcf22ff32d,1728903092187,a0463e4c-2adb-4488-aac3-66bcf22ff32d,Farm
abc6c935-6a73-4b7a-8c31-8c1bff2fcdd3,86ac654e-04ae-4c92-a41a-d5aa4613a4dc,08b54562-fafd-45bb-aead-af61e82fa0e5,1,1729063185173,9de53163-c68a-4cb9-bf61-8340acfe3061,1729063627766,9de53163-c68a-4cb9-bf61-8340acfe3061,,,Customer
ec99ba79-acac-4d50-ba60-dbff05e8cab4,f520731f-a435-4967-b890-c34850466840,81cb0577-4a31-4830-9c96-3fa87dc4791f,1,1729090175340,9de53163-c68a-4cb9-bf61-8340acfe3061,1729090192575,9de53163-c68a-4cb9-bf61-8340acfe3061,,,Farm
ccc90edc-447b-43b2-822e-40d2e7c90170,86ac654e-04ae-4c92-a41a-d5aa4613a4dc,e2807148-4f99-4565-970a-c3e21d956e3d,1,1729242380543,9de53163-c68a-4cb9-bf61-8340acfe3061,1729243340664,9de53163-c68a-4cb9-bf61-8340acfe3061,,,Customer
8563ee89-dbe8-4fce-9b0c-a10bb50a72a8,86ac654e-04ae-4c92-a41a-d5aa4613a4dc,e42b6d71-bd7b-4b5f-89ce-86c3148fb992,1,1729581372813,9de53163-c68a-4cb9-bf61-8340acfe3061,1729581380333,9de53163-c68a-4cb9-bf61-8340acfe3061,,,Customer
adfffd79-2f51-43c7-b86d-a8163a744692,86ac654e-04ae-4c92-a41a-d5aa4613a4dc,50bb41da-2955-47c3-87df-a086495dda24,1,1730358181938,9de53163-c68a-4cb9-bf61-8340acfe3061,1730358190929,9de53163-c68a-4cb9-bf61-8340acfe3061,,,Customer
c07c819f-233e-4102-aa7c-20b327f42440,86ac654e-04ae-4c92-a41a-d5aa4613a4dc,a9476a90-8cb5-4b5d-927b-f51afd293571,1,1730092473873,9de53163-c68a-4cb9-bf61-8340acfe3061,1730092484430,9de53163-c68a-4cb9-bf61-8340acfe3061,,,Customer
d2f9284b-ccef-415a-b0e4-4fe247e59dde,42d71548-8d7c-45f2-9da5-3428ad4b64b0,6ba4e615-05d5-4b0c-bae4-f9915aef3d09,1,1730381612314,a0463e4c-2adb-4488-aac3-66bcf22ff32d,1730381620124,a0463e4c-2adb-4488-aac3-66bcf22ff32d,,,Customer
d412feff-2fd1-4122-b203-f2f1745aba7b,86ac654e-04ae-4c92-a41a-d5aa4613a4dc,a72a45fd-83cd-4b7c-b829-39fdd9d73f3a,1,1730789356648,9de53163-c68a-4cb9-bf61-8340acfe3061,1730789382846,9de53163-c68a-4cb9-bf61-8340acfe3061,,,Customer
e5a8b162-467d-4b06-95e5-70cd7fff997b,f65c6a5e-5b0b-4af9-9393-e10a6f9e3bc1,f65c6a5e-5b0b-4af9-9393-e10a6f9e3bc1,1,1730890821525,9de53163-c68a-4cb9-bf61-8340acfe3061,1730890826763,9de53163-c68a-4cb9-bf61-8340acfe3061,,,Farm
ef6f6705-e725-4bb4-a817-da8bb7e0f70d,86ac654e-04ae-4c92-a41a-d5aa4613a4dc,f0d03f50-a4bb-4b83-98cb-3b7f5a9f8d7a,1,1731577890931,9de53163-c68a-4cb9-bf61-8340acfe3061,1731577917743,9de53163-c68a-4cb9-bf61-8340acfe3061,,,Customer
ee8eb360-266e-4f53-b32e-08c081d1ed29,86ac654e-04ae-4c92-a41a-d5aa4613a4dc,20139a00-3f06-4f55-b15c-5c2c4bcde944,1,1728460689563,a0463e4c-2adb-4488-aac3-66bcf22ff32d,1732615519352,9de53163-c68a-4cb9-bf61-8340acfe3061,,,Customer
7baefa24-fb5c-4c44-af6f-8c1c96e438c1,c954926a-8265-4717-aea9-3e8426188c44,cfc0302c-628e-4a05-8a45-c193e55bf119,1,1729323449297,a0463e4c-2adb-4488-aac3-66bcf22ff32d,1736921211418,a0463e4c-2adb-4488-aac3-66bcf22ff32d,1736921211419,a0463e4c-2adb-4488-aac3-66bcf22ff32d,Farm
2e037fa0-c706-41d7-af6e-3353c6c3ff5f,86ac654e-04ae-4c92-a41a-d5aa4613a4dc,7d7a0729-b7c1-411f-a9fd-2deab9fb13bd,1,1732206802451,9de53163-c68a-4cb9-bf61-8340acfe3061,1732206821571,9de53163-c68a-4cb9-bf61-8340acfe3061,,,Farm
abc44943-376c-453a-bee3-f4e4ada7fce5,86ac654e-04ae-4c92-a41a-d5aa4613a4dc,7d7a0729-b7c1-411f-a9fd-2deab9fb13bd,,1732294476146,9de53163-c68a-4cb9-bf61-8340acfe3061,1732294502211,9de53163-c68a-4cb9-bf61-8340acfe3061,1732294502217,9de53163-c68a-4cb9-bf61-8340acfe3061,Farm
1e3532f5-0a45-47d5-97eb-0a3b1a24e701,2b4bb4c1-b630-4c63-a97d-f08ab667ab16,e316d2e2-ee9e-4602-9108-8882a45372d7,1,1738312993015,9de53163-c68a-4cb9-bf61-8340acfe3061,1739357994664,892b0c33-af72-4838-a6a6-35e147b0ac7f,,,Customer
1b11b004-8e27-4bf6-8419-dc0b9f2b583f,165b107e-6c65-46bc-8f38-aa125b3d1ed1,9fe83366-1018-4bcc-913f-52716490d92c,1,1738312311755,9de53163-c68a-4cb9-bf61-8340acfe3061,1739357520331,892b0c33-af72-4838-a6a6-35e147b0ac7f,,,Customer
f2cf63b6-4539-466d-b3ce-dd0b9b173ab3,86ac654e-04ae-4c92-a41a-d5aa4613a4dc,fd68bfa4-f926-44a9-a321-a24ad54484dd,1,1732383665445,9de53163-c68a-4cb9-bf61-8340acfe3061,1732383720791,9de53163-c68a-4cb9-bf61-8340acfe3061,,,Customer
23dde32b-29f5-4eae-b5c8-2cec612efe5e,73ad53cd-bafa-475d-ac57-1ca62fc5c375,9fe83366-1018-4bcc-913f-52716490d92c,1,1738312266524,9de53163-c68a-4cb9-bf61-8340acfe3061,1739359384694,892b0c33-af72-4838-a6a6-35e147b0ac7f,,,Customer
48c7337a-766c-4910-9fe9-69abae354cd3,86ac654e-04ae-4c92-a41a-d5aa4613a4dc,cfa773f0-c303-4dbe-b115-d154404bd956,1,1732383748104,9de53163-c68a-4cb9-bf61-8340acfe3061,1732383763461,9de53163-c68a-4cb9-bf61-8340acfe3061,,,Customer
a6bd37f1-3adb-46d1-99da-d6be60f553d5,73ad53cd-bafa-475d-ac57-1ca62fc5c375,5d566c2b-d2f4-477a-beff-5a7529be622e,1,1738312043297,9de53163-c68a-4cb9-bf61-8340acfe3061,1739359402364,892b0c33-af72-4838-a6a6-35e147b0ac7f,,,Customer
f64c19c0-da0a-46e6-8a99-747790eedf50,86ac654e-04ae-4c92-a41a-d5aa4613a4dc,587ec878-70e4-4ba3-8acf-2db8d074322d,1,1732604571920,9de53163-c68a-4cb9-bf61-8340acfe3061,1732604582120,9de53163-c68a-4cb9-bf61-8340acfe3061,,,Customer
67f37ec8-e568-4648-b774-fe60b742be46,86ac654e-04ae-4c92-a41a-d5aa4613a4dc,5d566c2b-d2f4-477a-beff-5a7529be622e,,1732615393053,9de53163-c68a-4cb9-bf61-8340acfe3061,1732615403862,9de53163-c68a-4cb9-bf61-8340acfe3061,,,Customer
b4a7325c-4741-4859-815a-12bef91dfba5,2b4bb4c1-b630-4c63-a97d-f08ab667ab16,5d566c2b-d2f4-477a-beff-5a7529be622e,1,1738311996261,9de53163-c68a-4cb9-bf61-8340acfe3061,1739358016864,892b0c33-af72-4838-a6a6-35e147b0ac7f,,,Customer
43737886-94ba-48e3-b677-631be2d74938,86ac654e-04ae-4c92-a41a-d5aa4613a4dc,5f1f494a-e212-45ed-b0f9-89def843445b,1,1732615595351,9de53163-c68a-4cb9-bf61-8340acfe3061,1732615607715,9de53163-c68a-4cb9-bf61-8340acfe3061,,,Customer
ef7022f0-0179-4162-95b4-121aa59763dd,2b4bb4c1-b630-4c63-a97d-f08ab667ab16,a542b738-07d0-48cf-893a-450491917e21,1,1738311947259,9de53163-c68a-4cb9-bf61-8340acfe3061,1739358071569,892b0c33-af72-4838-a6a6-35e147b0ac7f,,,Customer
e1748166-c4d6-47bb-a55c-20e509061d06,86ac654e-04ae-4c92-a41a-d5aa4613a4dc,92df203b-be58-42ec-8354-0925e037f590,1,1732615989753,9de53163-c68a-4cb9-bf61-8340acfe3061,1732616002345,9de53163-c68a-4cb9-bf61-8340acfe3061,,,Customer
20f490ac-97e4-4522-8ba5-3d50578a1774,73ad53cd-bafa-475d-ac57-1ca62fc5c375,a542b738-07d0-48cf-893a-450491917e21,1,1738311570938,9de53163-c68a-4cb9-bf61-8340acfe3061,1739359421707,892b0c33-af72-4838-a6a6-35e147b0ac7f,,,Customer
b8ddacd2-1525-4aae-867c-3bf77314a319,165b107e-6c65-46bc-8f38-aa125b3d1ed1,a542b738-07d0-48cf-893a-450491917e21,1,1738311870562,9de53163-c68a-4cb9-bf61-8340acfe3061,1739357551729,892b0c33-af72-4838-a6a6-35e147b0ac7f,,,Customer
aba886fe-3ecb-433b-9949-e9b8f3f1ec7a,51dfc8bc-10d5-4cd3-9728-84f330b31025,51dfc8bc-10d5-4cd3-9728-84f330b31025,1,1732689164296,9de53163-c68a-4cb9-bf61-8340acfe3061,1732689167546,9de53163-c68a-4cb9-bf61-8340acfe3061,,,Farm
f8a0e8e5-3bdc-45f0-ba76-a52060e9e11d,a5a96769-a147-43a1-b361-d3124b8d6ea3,f0ba3eb8-c0aa-4806-adc9-33cc35a1d579,,1732254739949,9de53163-c68a-4cb9-bf61-8340acfe3061,1732707011972,9de53163-c68a-4cb9-bf61-8340acfe3061,,,Farm
e1cc0ff2-09fd-4f88-97ea-76bda04dd837,a5a96769-a147-43a1-b361-d3124b8d6ea3,7d7a0729-b7c1-411f-a9fd-2deab9fb13bd,,1715669220854,9de53163-c68a-4cb9-bf61-8340acfe3061,1732707624086,9de53163-c68a-4cb9-bf61-8340acfe3061,,,Farm
67c9257d-94ea-4725-96ae-177b254d58ae,86ac654e-04ae-4c92-a41a-d5aa4613a4dc,c481a099-3a43-45ca-8307-8f61bcc65cc6,1,1736921747377,9de53163-c68a-4cb9-bf61-8340acfe3061,1739198864764,9de53163-c68a-4cb9-bf61-8340acfe3061,,,Farm
15202c64-9bb3-4908-8250-b4247311f1a7,74a00592-9391-463d-8ff6-b24817821110,587ec878-70e4-4ba3-8acf-2db8d074322d,1,1736843715754,9de53163-c68a-4cb9-bf61-8340acfe3061,1744196816145,7536610a-7847-4680-8a63-88a7b996207b,,,Farm
b6db6837-19c5-48dc-a55b-3b7070dfc837,86ac654e-04ae-4c92-a41a-d5aa4613a4dc,0d22d9a4-2f7a-4d49-b5b4-0fc754dd2c3d,1,1732855453339,9de53163-c68a-4cb9-bf61-8340acfe3061,1732855465147,9de53163-c68a-4cb9-bf61-8340acfe3061,,,Customer
221851d0-d8d8-4a72-9ed5-599dbcda6aa2,e42b6d71-bd7b-4b5f-89ce-86c3148fb992,808b453d-ab11-43b9-9c09-22bd6f211a7e,,1735995332998,9de53163-c68a-4cb9-bf61-8340acfe3061,1745341301705,9de53163-c68a-4cb9-bf61-8340acfe3061,1745341301707,7536610a-7847-4680-8a63-88a7b996207b,Farm
0a7322e7-f714-4198-81d0-37e5ede04391,6d0329b0-4b77-44e7-a375-220ec012fa35,e2807148-4f99-4565-970a-c3e21d956e3d,1,1732799434003,9de53163-c68a-4cb9-bf61-8340acfe3061,1755065334390,7536610a-7847-4680-8a63-88a7b996207b,,,Farm
81134861-14c5-4146-8438-35c1bbcd1c4d,25725e16-a57c-4bc6-b47b-95076df1ddf0,51dfc8bc-10d5-4cd3-9728-84f330b31025,,1735309972981,9de53163-c68a-4cb9-bf61-8340acfe3061,1768898410491,9de53163-c68a-4cb9-bf61-8340acfe3061,1768898410492,7536610a-7847-4680-8a63-88a7b996207b,Farm
f98cbe40-d823-46f9-a35c-6512d6721837,a5a96769-a147-43a1-b361-d3124b8d6ea3,5d566c2b-d2f4-477a-beff-5a7529be622e,,1733564347071,9de53163-c68a-4cb9-bf61-8340acfe3061,1733564347071,9de53163-c68a-4cb9-bf61-8340acfe3061,,,Farm
6b1d7281-86f2-4c94-8680-1761600050e7,a5a96769-a147-43a1-b361-d3124b8d6ea3,cd0424fc-0199-4e73-8546-add986bfb772,,1734325757157,9de53163-c68a-4cb9-bf61-8340acfe3061,1734325757157,9de53163-c68a-4cb9-bf61-8340acfe3061,,,Farm
64e5aaf3-f8f1-42bf-8d6a-4c9cb8a5eb2a,6d0329b0-4b77-44e7-a375-220ec012fa35,6ba4e615-05d5-4b0c-bae4-f9915aef3d09,1,1732865759300,9de53163-c68a-4cb9-bf61-8340acfe3061,1755065334998,7536610a-7847-4680-8a63-88a7b996207b,,,Farm
93e54e62-9df3-4926-a28a-b6205fcd3ab1,e42b6d71-bd7b-4b5f-89ce-86c3148fb992,29417c88-af01-44d7-b965-274949b391df,1,1734499913478,9de53163-c68a-4cb9-bf61-8340acfe3061,1734939024217,a0463e4c-2adb-4488-aac3-66bcf22ff32d,,,Farm
4a6ce970-6091-44e5-9a53-407fdefcdaa8,e42b6d71-bd7b-4b5f-89ce-86c3148fb992,2b2d3e54-9e36-4e54-96bd-e4214747df51,,1735994827071,9de53163-c68a-4cb9-bf61-8340acfe3061,1735994827071,9de53163-c68a-4cb9-bf61-8340acfe3061,,,Farm
8c611afa-c148-48e8-aa03-39741bddb6ac,e42b6d71-bd7b-4b5f-89ce-86c3148fb992,1e157604-e16a-4816-ad4d-9b822d5bd1f4,,1735995116888,9de53163-c68a-4cb9-bf61-8340acfe3061,1735995116888,9de53163-c68a-4cb9-bf61-8340acfe3061,,,Farm
1ddfd042-795d-4707-af89-9c5f9d0653d5,6d0329b0-4b77-44e7-a375-220ec012fa35,6cacecee-d710-4475-9067-369a91f8d620,1,1732779104440,9de53163-c68a-4cb9-bf61-8340acfe3061,1755065335692,7536610a-7847-4680-8a63-88a7b996207b,,,Farm
66610df2-d37e-4825-888d-2c20d32735f3,86ac654e-04ae-4c92-a41a-d5aa4613a4dc,76bb7082-9e87-42b7-8fbf-9a29dd13048e,1,1736846772345,9de53163-c68a-4cb9-bf61-8340acfe3061,1736846783840,9de53163-c68a-4cb9-bf61-8340acfe3061,,,Farm
4f93afda-2ce5-409c-8714-00194e71d541,25725e16-a57c-4bc6-b47b-95076df1ddf0,e2f002eb-b4b3-403a-9db5-71f631ea0fe8,,1735994220985,9de53163-c68a-4cb9-bf61-8340acfe3061,1768898405663,9de53163-c68a-4cb9-bf61-8340acfe3061,1768898405666,7536610a-7847-4680-8a63-88a7b996207b,Farm
9b908e8f-65ef-43fd-b883-2c950669bdcb,25725e16-a57c-4bc6-b47b-95076df1ddf0,bfb26a65-85bf-42ad-8738-b58ad23c2322,1,1733304494495,9de53163-c68a-4cb9-bf61-8340acfe3061,1768898408071,9de53163-c68a-4cb9-bf61-8340acfe3061,1768898408071,7536610a-7847-4680-8a63-88a7b996207b,Farm
0b117d9b-b2b3-4345-bdda-166c454c7e48,25725e16-a57c-4bc6-b47b-95076df1ddf0,29417c88-af01-44d7-b965-274949b391df,,1735993556942,9de53163-c68a-4cb9-bf61-8340acfe3061,1768898412672,9de53163-c68a-4cb9-bf61-8340acfe3061,1768898412675,7536610a-7847-4680-8a63-88a7b996207b,Farm
1db8b007-f833-41d9-b706-8804e054d419,2b4bb4c1-b630-4c63-a97d-f08ab667ab16,0b2d8f6e-ee34-4695-a4c0-7e415963072a,1,1736945414916,a0463e4c-2adb-4488-aac3-66bcf22ff32d,1736945445356,a0463e4c-2adb-4488-aac3-66bcf22ff32d,,,Customer
6ac5e394-67a2-4718-b424-dff3c8a6a807,2b4bb4c1-b630-4c63-a97d-f08ab667ab16,2635bc56-110a-4d14-8431-e8db69a2ca69,1,1736945402917,a0463e4c-2adb-4488-aac3-66bcf22ff32d,1736945467196,a0463e4c-2adb-4488-aac3-66bcf22ff32d,,,Customer
daa42336-731a-49c1-a5a4-76eb592935e2,25725e16-a57c-4bc6-b47b-95076df1ddf0,f65c6a5e-5b0b-4af9-9393-e10a6f9e3bc1,,1735994405971,9de53163-c68a-4cb9-bf61-8340acfe3061,1768898415035,9de53163-c68a-4cb9-bf61-8340acfe3061,1768898415035,7536610a-7847-4680-8a63-88a7b996207b,Farm
fec3842e-28ff-4336-b8e7-e40501f9d5b9,de7122ee-e5eb-4ce1-9e75-64cf3a6021ff,3ca27666-5a69-4722-ae14-6a7e2d1a417a,1,1737546506591,9de53163-c68a-4cb9-bf61-8340acfe3061,1737546569250,9de53163-c68a-4cb9-bf61-8340acfe3061,,,Customer
b3e0440e-ae5c-43ac-8482-3cfbb8c820c2,3ca27666-5a69-4722-ae14-6a7e2d1a417a,3ca27666-5a69-4722-ae14-6a7e2d1a417a,1,1737456439118,9de53163-c68a-4cb9-bf61-8340acfe3061,1737546737212,9de53163-c68a-4cb9-bf61-8340acfe3061,1737546737211,9de53163-c68a-4cb9-bf61-8340acfe3061,Farm
4a91c1e0-27b1-4872-9d9c-b0acda166cdd,de7122ee-e5eb-4ce1-9e75-64cf3a6021ff,0e808533-e772-4cf2-9ebc-593e978118f6,1,1737701087298,9de53163-c68a-4cb9-bf61-8340acfe3061,1737701099397,9de53163-c68a-4cb9-bf61-8340acfe3061,,,Customer
83339688-0784-4128-ad09-117f5b9afb96,165b107e-6c65-46bc-8f38-aa125b3d1ed1,0e668ede-6c66-4bf0-a87c-043303dfd5a7,1,1738312153253,9de53163-c68a-4cb9-bf61-8340acfe3061,1738312172916,9de53163-c68a-4cb9-bf61-8340acfe3061,,,Farm
5befe6fc-997f-4ec6-b874-3b3847f3949c,73ad53cd-bafa-475d-ac57-1ca62fc5c375,0e668ede-6c66-4bf0-a87c-043303dfd5a7,1,1738312083229,9de53163-c68a-4cb9-bf61-8340acfe3061,1738312190152,9de53163-c68a-4cb9-bf61-8340acfe3061,,,Farm
de9fb1ac-dbb2-4a79-a112-67dd7c5ac12d,2b4bb4c1-b630-4c63-a97d-f08ab667ab16,0e668ede-6c66-4bf0-a87c-043303dfd5a7,1,1738312216438,9de53163-c68a-4cb9-bf61-8340acfe3061,1738312227846,9de53163-c68a-4cb9-bf61-8340acfe3061,,,Farm
e022b1f8-9b3d-4084-822e-184a7067c194,2b4bb4c1-b630-4c63-a97d-f08ab667ab16,ac08ed97-dda0-4824-b7a3-ad374280dccb,1,1738312782943,9de53163-c68a-4cb9-bf61-8340acfe3061,1739358093453,892b0c33-af72-4838-a6a6-35e147b0ac7f,,,Customer
891ba4c6-ed88-4027-8d80-44b478d4c166,165b107e-6c65-46bc-8f38-aa125b3d1ed1,bfb26a65-85bf-42ad-8738-b58ad23c2322,1,1738313962547,9de53163-c68a-4cb9-bf61-8340acfe3061,1739357727731,892b0c33-af72-4838-a6a6-35e147b0ac7f,,,Customer
6773f43f-f0a6-40b6-bcd3-5751381022a3,73ad53cd-bafa-475d-ac57-1ca62fc5c375,e316d2e2-ee9e-4602-9108-8882a45372d7,1,1738312959352,9de53163-c68a-4cb9-bf61-8340acfe3061,1739359468582,892b0c33-af72-4838-a6a6-35e147b0ac7f,,,Customer
c3bc1602-ef64-44c7-bd08-4d96efc8be4b,2b4bb4c1-b630-4c63-a97d-f08ab667ab16,bf7973ec-ce0c-49fa-a65a-cb543b6527c5,1,1738313116854,9de53163-c68a-4cb9-bf61-8340acfe3061,1739358362557,892b0c33-af72-4838-a6a6-35e147b0ac7f,,,Customer
f9208d8e-e169-46f8-bd63-392154675e17,2b4bb4c1-b630-4c63-a97d-f08ab667ab16,6c2eae8d-928c-4f48-9cf0-b61c815ee51d,1,1738313863494,9de53163-c68a-4cb9-bf61-8340acfe3061,1739358149377,892b0c33-af72-4838-a6a6-35e147b0ac7f,,,Customer
acc69dc3-2787-4933-b253-02d7e11d9d98,165b107e-6c65-46bc-8f38-aa125b3d1ed1,cff48c09-6a5d-4f3a-b8c7-0ec066cbc2d7,1,1738313339086,9de53163-c68a-4cb9-bf61-8340acfe3061,1739357865592,892b0c33-af72-4838-a6a6-35e147b0ac7f,,,Customer
42074f09-26bc-41bb-baee-b28b24b6b2ea,2b4bb4c1-b630-4c63-a97d-f08ab667ab16,92df203b-be58-42ec-8354-0925e037f590,1,1738314339168,9de53163-c68a-4cb9-bf61-8340acfe3061,1739358991511,892b0c33-af72-4838-a6a6-35e147b0ac7f,,,Customer
2ef47814-faf2-4344-833b-74b9748b92ea,165b107e-6c65-46bc-8f38-aa125b3d1ed1,f94c1624-8f7a-4ec7-82e7-939ee8482424,1,1738314591481,9de53163-c68a-4cb9-bf61-8340acfe3061,1739357899103,892b0c33-af72-4838-a6a6-35e147b0ac7f,,,Customer
48ad3d19-1185-456f-8165-2ca88d4ac699,de7122ee-e5eb-4ce1-9e75-64cf3a6021ff,c481a099-3a43-45ca-8307-8f61bcc65cc6,1,1738580248513,9de53163-c68a-4cb9-bf61-8340acfe3061,1738580356807,9de53163-c68a-4cb9-bf61-8340acfe3061,1738580356816,9de53163-c68a-4cb9-bf61-8340acfe3061,Customer
c0c296a3-25f0-4523-a90a-a47dd995b6fb,2b4bb4c1-b630-4c63-a97d-f08ab667ab16,20dd23cd-03cb-4915-ad58-882d07ef764f,1,1738313609310,9de53163-c68a-4cb9-bf61-8340acfe3061,1739358170924,892b0c33-af72-4838-a6a6-35e147b0ac7f,,,Customer
544e3e19-4b45-4b6c-bd8a-f5824845f560,165b107e-6c65-46bc-8f38-aa125b3d1ed1,392c2602-b843-4b1b-8a54-d05a33446c77,1,1738312508175,9de53163-c68a-4cb9-bf61-8340acfe3061,1739357671725,892b0c33-af72-4838-a6a6-35e147b0ac7f,,,Customer
b23dc163-9335-4c95-816f-169dcfe6a3b4,2b4bb4c1-b630-4c63-a97d-f08ab667ab16,f3ee8c44-da08-4ba4-82ba-15bd7ec41344,1,1738312459349,9de53163-c68a-4cb9-bf61-8340acfe3061,1739358773374,892b0c33-af72-4838-a6a6-35e147b0ac7f,,,Customer
73046e04-51f5-40a7-85be-8f56729d05c9,73ad53cd-bafa-475d-ac57-1ca62fc5c375,92df203b-be58-42ec-8354-0925e037f590,1,1738314269686,9de53163-c68a-4cb9-bf61-8340acfe3061,1739359618268,892b0c33-af72-4838-a6a6-35e147b0ac7f,,,Customer
1286d21a-cf84-4271-94f9-0427c2a74f7f,73ad53cd-bafa-475d-ac57-1ca62fc5c375,f3ee8c44-da08-4ba4-82ba-15bd7ec41344,1,1738312377745,9de53163-c68a-4cb9-bf61-8340acfe3061,1739359732544,892b0c33-af72-4838-a6a6-35e147b0ac7f,,,Customer
0f3ee5c3-af42-4c71-aac7-1c241bb096e4,2b4bb4c1-b630-4c63-a97d-f08ab667ab16,392c2602-b843-4b1b-8a54-d05a33446c77,1,1738312538659,9de53163-c68a-4cb9-bf61-8340acfe3061,1739358800648,892b0c33-af72-4838-a6a6-35e147b0ac7f,,,Customer
c6241d76-95fc-462b-8f6d-9adce78814ac,2b4bb4c1-b630-4c63-a97d-f08ab667ab16,58a02234-7b95-4b29-b47b-0ef234865b4b,1,1738313165685,9de53163-c68a-4cb9-bf61-8340acfe3061,1739358253732,892b0c33-af72-4838-a6a6-35e147b0ac7f,,,Customer
cf05ece6-5549-4f80-8d4e-716ed13956fb,58a02234-7b95-4b29-b47b-0ef234865b4b,58a02234-7b95-4b29-b47b-0ef234865b4b,1,1739869589892,a0463e4c-2adb-4488-aac3-66bcf22ff32d,1739869594905,a0463e4c-2adb-4488-aac3-66bcf22ff32d,,,Farm
4b29e30b-528a-4f43-b154-4a98e1453ab3,2b4bb4c1-b630-4c63-a97d-f08ab667ab16,e2f002eb-b4b3-403a-9db5-71f631ea0fe8,1,1738314218756,9de53163-c68a-4cb9-bf61-8340acfe3061,1739359188995,892b0c33-af72-4838-a6a6-35e147b0ac7f,,,Customer
6c11a296-da88-4037-928c-c45d2699ff0f,2b4bb4c1-b630-4c63-a97d-f08ab667ab16,daffe858-5a86-409c-9f1e-71c7fe48c241,1,1738314019500,9de53163-c68a-4cb9-bf61-8340acfe3061,1739358830475,892b0c33-af72-4838-a6a6-35e147b0ac7f,,,Customer
37085b82-2c65-428f-88b5-555f1efe8342,73ad53cd-bafa-475d-ac57-1ca62fc5c375,bfb26a65-85bf-42ad-8738-b58ad23c2322,1,1738313922085,9de53163-c68a-4cb9-bf61-8340acfe3061,1739359527927,892b0c33-af72-4838-a6a6-35e147b0ac7f,,,Customer
6e827f88-2f35-4bd0-91e0-1c090f1d3507,2b4bb4c1-b630-4c63-a97d-f08ab667ab16,1a2db108-6673-4fd8-98bf-b7ed858da60b,1,1738314170855,9de53163-c68a-4cb9-bf61-8340acfe3061,1739359242374,892b0c33-af72-4838-a6a6-35e147b0ac7f,,,Customer
927c898b-e898-4d36-bde1-fcee7c25d296,73ad53cd-bafa-475d-ac57-1ca62fc5c375,1a2db108-6673-4fd8-98bf-b7ed858da60b,1,1738314126235,9de53163-c68a-4cb9-bf61-8340acfe3061,1739359754658,892b0c33-af72-4838-a6a6-35e147b0ac7f,,,Customer
13b2be81-5839-4121-9802-af797213458d,2b4bb4c1-b630-4c63-a97d-f08ab667ab16,f94c1624-8f7a-4ec7-82e7-939ee8482424,1,1738314635630,9de53163-c68a-4cb9-bf61-8340acfe3061,1739358864852,892b0c33-af72-4838-a6a6-35e147b0ac7f,,,Customer
5f2e5286-cc90-4bfe-b6eb-4afb1335617f,2b4bb4c1-b630-4c63-a97d-f08ab667ab16,51dfc8bc-10d5-4cd3-9728-84f330b31025,1,1738314078950,9de53163-c68a-4cb9-bf61-8340acfe3061,1739359313523,892b0c33-af72-4838-a6a6-35e147b0ac7f,,,Customer
6f8257a8-20f6-45e6-a62a-3b8a9a4c0200,2b4bb4c1-b630-4c63-a97d-f08ab667ab16,3594fb39-8cbc-4120-a773-c96c569a6353,1,1738313070349,9de53163-c68a-4cb9-bf61-8340acfe3061,1739358295468,892b0c33-af72-4838-a6a6-35e147b0ac7f,,,Customer
0fcad0ab-9da9-4452-b9ae-bbf6ac9b5bdb,73ad53cd-bafa-475d-ac57-1ca62fc5c375,392c2602-b843-4b1b-8a54-d05a33446c77,1,1738312593262,9de53163-c68a-4cb9-bf61-8340acfe3061,1739359782567,892b0c33-af72-4838-a6a6-35e147b0ac7f,,,Customer
c394ac01-3aaf-44f7-a965-37c99d8c6258,73ad53cd-bafa-475d-ac57-1ca62fc5c375,6c2eae8d-928c-4f48-9cf0-b61c815ee51d,1,1738313813961,9de53163-c68a-4cb9-bf61-8340acfe3061,1739359549872,892b0c33-af72-4838-a6a6-35e147b0ac7f,,,Customer
71bbb96d-2825-4dcc-bcd5-442af4528fbd,73ad53cd-bafa-475d-ac57-1ca62fc5c375,a9476a90-8cb5-4b5d-927b-f51afd293571,1,1738313208947,9de53163-c68a-4cb9-bf61-8340acfe3061,1739359575443,892b0c33-af72-4838-a6a6-35e147b0ac7f,,,Customer
2cf3f1c2-30ba-41fb-8d62-160082978fba,73ad53cd-bafa-475d-ac57-1ca62fc5c375,29417c88-af01-44d7-b965-274949b391df,,1739432424925,9de53163-c68a-4cb9-bf61-8340acfe3061,1767778738382,7536610a-7847-4680-8a63-88a7b996207b,,,Customer
9dbb0c21-5028-4e5e-b4ed-be44d6da209b,73ad53cd-bafa-475d-ac57-1ca62fc5c375,ac08ed97-dda0-4824-b7a3-ad374280dccb,1,1738312863284,9de53163-c68a-4cb9-bf61-8340acfe3061,1739359443540,892b0c33-af72-4838-a6a6-35e147b0ac7f,,,Customer
8c3ae11b-5af6-4362-bca3-ba8641961662,86ac654e-04ae-4c92-a41a-d5aa4613a4dc,0d6b570d-7947-478a-8e0d-adc36a0497c0,1,1740466641674,7536610a-7847-4680-8a63-88a7b996207b,1740469129070,7536610a-7847-4680-8a63-88a7b996207b,,,Customer
4a790f3e-8263-452a-b0b6-df7163ad6242,e42b6d71-bd7b-4b5f-89ce-86c3148fb992,76bb7082-9e87-42b7-8fbf-9a29dd13048e,,1739448493844,9de53163-c68a-4cb9-bf61-8340acfe3061,1739448493844,9de53163-c68a-4cb9-bf61-8340acfe3061,,,Farm
b0c02c0c-5d96-4752-b0ae-1a663e20c9b7,165b107e-6c65-46bc-8f38-aa125b3d1ed1,92df203b-be58-42ec-8354-0925e037f590,1,1738314303681,9de53163-c68a-4cb9-bf61-8340acfe3061,1739357919032,892b0c33-af72-4838-a6a6-35e147b0ac7f,,,Customer
cf5cddc8-9f6f-4112-972c-c0cfb686a7e6,165b107e-6c65-46bc-8f38-aa125b3d1ed1,ac08ed97-dda0-4824-b7a3-ad374280dccb,1,1738312821420,9de53163-c68a-4cb9-bf61-8340acfe3061,1739357699513,892b0c33-af72-4838-a6a6-35e147b0ac7f,,,Customer
e46756d5-cbfc-4e83-9e20-33023013e640,73ad53cd-bafa-475d-ac57-1ca62fc5c375,f94c1624-8f7a-4ec7-82e7-939ee8482424,1,1738314458456,9de53163-c68a-4cb9-bf61-8340acfe3061,1739359597237,892b0c33-af72-4838-a6a6-35e147b0ac7f,,,Customer
d72d43ed-69e9-41c3-aa0a-5e476bb188e7,165b107e-6c65-46bc-8f38-aa125b3d1ed1,f3ee8c44-da08-4ba4-82ba-15bd7ec41344,1,1738312425307,9de53163-c68a-4cb9-bf61-8340acfe3061,1739357941998,892b0c33-af72-4838-a6a6-35e147b0ac7f,,,Customer
f4596233-ddec-4247-a029-7ca52b002e0a,86ac654e-04ae-4c92-a41a-d5aa4613a4dc,1512db87-57c9-416b-9cda-3ada72c895da,1,1740569835206,a0463e4c-2adb-4488-aac3-66bcf22ff32d,1740569848172,a0463e4c-2adb-4488-aac3-66bcf22ff32d,,,Customer
e82ae0bd-9587-4a7f-a046-3a081a4781df,86ac654e-04ae-4c92-a41a-d5aa4613a4dc,b6bba749-3851-4dce-b5ac-b0bcb6821993,1,1740649349713,7536610a-7847-4680-8a63-88a7b996207b,1740649371347,7536610a-7847-4680-8a63-88a7b996207b,,,Customer
230432f3-17c6-4a08-bc3e-5fe4933aa687,2b4bb4c1-b630-4c63-a97d-f08ab667ab16,bfb26a65-85bf-42ad-8738-b58ad23c2322,1,1743527295536,7536610a-7847-4680-8a63-88a7b996207b,1743527302626,7536610a-7847-4680-8a63-88a7b996207b,,,Customer
e2ead358-6816-463d-a448-c796efebefc5,a5a96769-a147-43a1-b361-d3124b8d6ea3,bfb26a65-85bf-42ad-8738-b58ad23c2322,1,1743771843540,7536610a-7847-4680-8a63-88a7b996207b,1743771876576,7536610a-7847-4680-8a63-88a7b996207b,,,Farm
6e876e7f-ce1a-4d8e-88a6-3f9b72d1c1ab,86ac654e-04ae-4c92-a41a-d5aa4613a4dc,3a227ecd-534b-4758-bea8-340a48e23284,1,1744009705166,7536610a-7847-4680-8a63-88a7b996207b,1744009726343,7536610a-7847-4680-8a63-88a7b996207b,,,Customer
622b98b0-94b9-4ca4-92d0-fb2b2d05e1b6,73ad53cd-bafa-475d-ac57-1ca62fc5c375,51dfc8bc-10d5-4cd3-9728-84f330b31025,1,1744009951344,7536610a-7847-4680-8a63-88a7b996207b,1744010025847,7536610a-7847-4680-8a63-88a7b996207b,,,Customer
99b98d4a-d864-4d64-ad8f-51074ac7f277,6f954403-765a-4565-bb3a-e1b16169cf47,6f954403-765a-4565-bb3a-e1b16169cf47,1,1744043643468,a0463e4c-2adb-4488-aac3-66bcf22ff32d,1744043650425,a0463e4c-2adb-4488-aac3-66bcf22ff32d,,,Farm
7c36caf6-0318-462c-8024-4daa10605a47,670043b5-9b9f-4e1c-9d2d-2799b97362df,670043b5-9b9f-4e1c-9d2d-2799b97362df,1,1744179881893,7536610a-7847-4680-8a63-88a7b996207b,1744179951201,7536610a-7847-4680-8a63-88a7b996207b,,,Customer
f82b5dff-9720-4e4b-95e0-31d99b40ceed,de7122ee-e5eb-4ce1-9e75-64cf3a6021ff,c481a099-3a43-45ca-8307-8f61bcc65cc6,1,1737549745517,9de53163-c68a-4cb9-bf61-8340acfe3061,1769669178493,7536610a-7847-4680-8a63-88a7b996207b,,,Customer
fc5ef744-739f-4949-a41c-c887ec7683ef,74a00592-9391-463d-8ff6-b24817821110,fd68bfa4-f926-44a9-a321-a24ad54484dd,1,1744196851622,7536610a-7847-4680-8a63-88a7b996207b,1744196896817,7536610a-7847-4680-8a63-88a7b996207b,,,Farm
0797c2c8-1198-4b8c-ab37-6b9c1acc3b9a,f520731f-a435-4967-b890-c34850466840,0d6b570d-7947-478a-8e0d-adc36a0497c0,,1744886812089,7536610a-7847-4680-8a63-88a7b996207b,1744886831775,7536610a-7847-4680-8a63-88a7b996207b,1744886831779,7536610a-7847-4680-8a63-88a7b996207b,Farm
f3461763-4705-4bb9-aba1-de8c4fb933fd,f520731f-a435-4967-b890-c34850466840,0b2d8f6e-ee34-4695-a4c0-7e415963072a,1,1744894378409,7536610a-7847-4680-8a63-88a7b996207b,1744894390116,7536610a-7847-4680-8a63-88a7b996207b,,,Farm
2042999e-2105-4ac0-8370-abf26b9e473a,165b107e-6c65-46bc-8f38-aa125b3d1ed1,76bb7082-9e87-42b7-8fbf-9a29dd13048e,1,1746556336881,7536610a-7847-4680-8a63-88a7b996207b,1746556363406,7536610a-7847-4680-8a63-88a7b996207b,,,Customer
1c005be4-fd3d-40a9-b163-fa43db3c9b47,86ac654e-04ae-4c92-a41a-d5aa4613a4dc,a9059794-7f37-4125-88cd-c8595da04e2f,1,1748261600316,7536610a-7847-4680-8a63-88a7b996207b,1748261608759,7536610a-7847-4680-8a63-88a7b996207b,,,Farm
5a503556-648c-4555-9750-47023d822050,5a426e28-d0e6-43e8-a5a4-0f3c8b706fd0,e2807148-4f99-4565-970a-c3e21d956e3d,1,1750237078332,7536610a-7847-4680-8a63-88a7b996207b,1750237096354,7536610a-7847-4680-8a63-88a7b996207b,,,Farm
f8a1d6d4-e5fc-45d5-bffc-52b99073999b,86ac654e-04ae-4c92-a41a-d5aa4613a4dc,76bb7082-9e87-42b7-8fbf-9a29dd13048e,,1753690286836,7536610a-7847-4680-8a63-88a7b996207b,1753690286836,7536610a-7847-4680-8a63-88a7b996207b,,,Farm
b39f186f-f5da-42d2-bb39-a4ec75ab5f86,86ac654e-04ae-4c92-a41a-d5aa4613a4dc,29417c88-af01-44d7-b965-274949b391df,1,1753690333151,7536610a-7847-4680-8a63-88a7b996207b,1753690340273,7536610a-7847-4680-8a63-88a7b996207b,,,Customer
19d84e6a-d363-44d6-ae43-2f7c2849786b,165b107e-6c65-46bc-8f38-aa125b3d1ed1,808b453d-ab11-43b9-9c09-22bd6f211a7e,1,1753782379367,7536610a-7847-4680-8a63-88a7b996207b,1753782423984,7536610a-7847-4680-8a63-88a7b996207b,,,Customer
e3f6a0bb-d2a8-4116-86f0-648aa93d62fe,165b107e-6c65-46bc-8f38-aa125b3d1ed1,29417c88-af01-44d7-b965-274949b391df,1,1753857988906,7536610a-7847-4680-8a63-88a7b996207b,1753858011183,7536610a-7847-4680-8a63-88a7b996207b,,,Customer
f791cab3-276e-4066-b0e7-45d688afa1c2,165b107e-6c65-46bc-8f38-aa125b3d1ed1,bf7973ec-ce0c-49fa-a65a-cb543b6527c5,1,1754379100920,7536610a-7847-4680-8a63-88a7b996207b,1754379110775,7536610a-7847-4680-8a63-88a7b996207b,,,Customer
4e987580-e1e1-47df-8747-b9a8937c10ef,165b107e-6c65-46bc-8f38-aa125b3d1ed1,3594fb39-8cbc-4120-a773-c96c569a6353,1,1754379144899,7536610a-7847-4680-8a63-88a7b996207b,1754379181946,7536610a-7847-4680-8a63-88a7b996207b,,,Customer
6ba13ef5-dfe0-419f-9185-d135212a0a90,6d0329b0-4b77-44e7-a375-220ec012fa35,a72a45fd-83cd-4b7c-b829-39fdd9d73f3a,1,1755066175305,7536610a-7847-4680-8a63-88a7b996207b,1755066308117,7536610a-7847-4680-8a63-88a7b996207b,,,Farm
784a49b4-c354-4a79-8645-e9940b4b3dff,6d0329b0-4b77-44e7-a375-220ec012fa35,670043b5-9b9f-4e1c-9d2d-2799b97362df,1,1755066209418,7536610a-7847-4680-8a63-88a7b996207b,1755066321766,7536610a-7847-4680-8a63-88a7b996207b,,,Farm
1e945a36-bf71-44cf-b102-81d87b9d754e,6d0329b0-4b77-44e7-a375-220ec012fa35,3594fb39-8cbc-4120-a773-c96c569a6353,1,1755066266159,7536610a-7847-4680-8a63-88a7b996207b,1755066353903,7536610a-7847-4680-8a63-88a7b996207b,,,Farm
50538cd4-6e31-4cd7-84b8-9f290f6a7b58,6d0329b0-4b77-44e7-a375-220ec012fa35,e316d2e2-ee9e-4602-9108-8882a45372d7,1,1755066277267,7536610a-7847-4680-8a63-88a7b996207b,1755066393391,7536610a-7847-4680-8a63-88a7b996207b,,,Farm
c2ac8fae-17cf-4097-bb9d-cbb32b2d978d,a5a96769-a147-43a1-b361-d3124b8d6ea3,daffe858-5a86-409c-9f1e-71c7fe48c241,1,1755242441668,7536610a-7847-4680-8a63-88a7b996207b,1755242444113,7536610a-7847-4680-8a63-88a7b996207b,,,Farm
b317713c-cca3-4b21-91e7-6b765156bd14,165b107e-6c65-46bc-8f38-aa125b3d1ed1,9bf20262-c41a-42db-bb45-0c0930180336,1,1755776048313,7536610a-7847-4680-8a63-88a7b996207b,1755776066037,7536610a-7847-4680-8a63-88a7b996207b,,,Customer
ddd4beaf-2954-4d52-a69f-f7b501ca2f8b,6d0329b0-4b77-44e7-a375-220ec012fa35,092ef181-2c9f-4b2a-93b4-f090d451b206,1,1756111090316,7536610a-7847-4680-8a63-88a7b996207b,1756111098795,7536610a-7847-4680-8a63-88a7b996207b,,,Farm
44f630fd-bf53-421a-8e4d-f4c4cf12af5b,86ac654e-04ae-4c92-a41a-d5aa4613a4dc,670043b5-9b9f-4e1c-9d2d-2799b97362df,1,1756200198678,7536610a-7847-4680-8a63-88a7b996207b,1756200209566,7536610a-7847-4680-8a63-88a7b996207b,,,Customer
aac2c247-3a8b-4a63-a6dd-6a7ef874504e,6d0329b0-4b77-44e7-a375-220ec012fa35,76bb7082-9e87-42b7-8fbf-9a29dd13048e,1,1756203443595,7536610a-7847-4680-8a63-88a7b996207b,1756203448026,7536610a-7847-4680-8a63-88a7b996207b,,,Farm
05298c94-1f09-469e-8544-0098675ea0dc,f7e67b42-8277-4e33-bea0-58b9be9c208a,f7e67b42-8277-4e33-bea0-58b9be9c208a,1,1761550846426,7536610a-7847-4680-8a63-88a7b996207b,1761550854750,7536610a-7847-4680-8a63-88a7b996207b,,,Farm
ef7e4cfa-c92a-492b-b946-0ed043d99298,1a2db108-6673-4fd8-98bf-b7ed858da60b,29417c88-af01-44d7-b965-274949b391df,1,1762518075972,7536610a-7847-4680-8a63-88a7b996207b,1762518102465,7536610a-7847-4680-8a63-88a7b996207b,,,Farm
27fe8a60-0a2a-4e5c-94d9-e6aeb0aa8a8f,86ac654e-04ae-4c92-a41a-d5aa4613a4dc,9b40088c-b44e-4707-bded-56fc84e4478a,1,1765540436672,7536610a-7847-4680-8a63-88a7b996207b,1765540471877,7536610a-7847-4680-8a63-88a7b996207b,,,Customer
6df73ca5-a251-4966-b492-51e75fc93ae1,a5a96769-a147-43a1-b361-d3124b8d6ea3,808b453d-ab11-43b9-9c09-22bd6f211a7e,1,1766397987881,7536610a-7847-4680-8a63-88a7b996207b,1766398002576,7536610a-7847-4680-8a63-88a7b996207b,,,Farm
de501b98-b016-4090-8fdb-0c6e30c3aa67,165b107e-6c65-46bc-8f38-aa125b3d1ed1,1a2db108-6673-4fd8-98bf-b7ed858da60b,1,1766398649615,7536610a-7847-4680-8a63-88a7b996207b,1766398695303,7536610a-7847-4680-8a63-88a7b996207b,,,Customer
9293195d-765d-4b84-bb57-bf72738757b2,e42b6d71-bd7b-4b5f-89ce-86c3148fb992,a26323a5-4f8e-49e8-873e-768099d58346,1,1767006309830,7536610a-7847-4680-8a63-88a7b996207b,1767006324181,7536610a-7847-4680-8a63-88a7b996207b,,,Farm
884b1135-86b0-40ca-8226-050355b9d805,2b4bb4c1-b630-4c63-a97d-f08ab667ab16,cfa773f0-c303-4dbe-b115-d154404bd956,1,1767006717914,7536610a-7847-4680-8a63-88a7b996207b,1767006739440,7536610a-7847-4680-8a63-88a7b996207b,,,Customer
753cb162-77fe-4605-964d-e14a80f2707a,73ad53cd-bafa-475d-ac57-1ca62fc5c375,cfa773f0-c303-4dbe-b115-d154404bd956,1,1767006785086,7536610a-7847-4680-8a63-88a7b996207b,1767006800273,7536610a-7847-4680-8a63-88a7b996207b,,,Customer
b8234005-9add-44f0-994a-b301dc38ab83,165b107e-6c65-46bc-8f38-aa125b3d1ed1,cfa773f0-c303-4dbe-b115-d154404bd956,1,1767006836001,7536610a-7847-4680-8a63-88a7b996207b,1767006856087,7536610a-7847-4680-8a63-88a7b996207b,,,Customer
fce4435d-65f3-4c73-a1b5-d59254060559,438c444e-b330-43ea-92ee-6970325baada,cfa773f0-c303-4dbe-b115-d154404bd956,1,1767006894325,7536610a-7847-4680-8a63-88a7b996207b,1767006899215,7536610a-7847-4680-8a63-88a7b996207b,,,Customer
8158ff92-08ae-4f67-90a6-ee62ba0cdc31,2b4bb4c1-b630-4c63-a97d-f08ab667ab16,76bb7082-9e87-42b7-8fbf-9a29dd13048e,1,1767603926492,7536610a-7847-4680-8a63-88a7b996207b,1767603946348,7536610a-7847-4680-8a63-88a7b996207b,,,Customer
8a64c3fe-8bc1-4bc3-bd1c-437812a52194,73ad53cd-bafa-475d-ac57-1ca62fc5c375,76bb7082-9e87-42b7-8fbf-9a29dd13048e,1,1767603983504,7536610a-7847-4680-8a63-88a7b996207b,1767604002342,7536610a-7847-4680-8a63-88a7b996207b,,,Customer
33570efe-b5b4-4143-baf8-bd579c626e78,73ad53cd-bafa-475d-ac57-1ca62fc5c375,a72a45fd-83cd-4b7c-b829-39fdd9d73f3a,1,1767778691841,7536610a-7847-4680-8a63-88a7b996207b,1767778701414,7536610a-7847-4680-8a63-88a7b996207b,,,Customer
443f5e85-581d-42df-b288-a08da8e3586e,a5a96769-a147-43a1-b361-d3124b8d6ea3,c481a099-3a43-45ca-8307-8f61bcc65cc6,,1767868245594,7536610a-7847-4680-8a63-88a7b996207b,1767868245594,7536610a-7847-4680-8a63-88a7b996207b,,,Farm
7b81e46b-7bc4-42e9-9ee0-75ba665d4e0f,73ad53cd-bafa-475d-ac57-1ca62fc5c375,08b54562-fafd-45bb-aead-af61e82fa0e5,1,1767965293111,7536610a-7847-4680-8a63-88a7b996207b,1767965299876,7536610a-7847-4680-8a63-88a7b996207b,,,Customer
e0c3d842-9ca4-4117-a61c-e0e3c15d58db,e42b6d71-bd7b-4b5f-89ce-86c3148fb992,f0ba3eb8-c0aa-4806-adc9-33cc35a1d579,,1768286487311,7536610a-7847-4680-8a63-88a7b996207b,1768286487311,7536610a-7847-4680-8a63-88a7b996207b,,,Farm
6593b46c-05d4-49a0-84c8-eb0c3311f018,e42b6d71-bd7b-4b5f-89ce-86c3148fb992,444ab14e-f06f-4460-a34d-6c0cd012d349,,1768286547539,7536610a-7847-4680-8a63-88a7b996207b,1768286547539,7536610a-7847-4680-8a63-88a7b996207b,,,Farm
01bb49c1-374e-4361-9f8d-29e7554ca31e,e42b6d71-bd7b-4b5f-89ce-86c3148fb992,84151104-e9a0-4bd4-9fd7-ad687656ec1e,,1768387236817,7536610a-7847-4680-8a63-88a7b996207b,1768387236817,7536610a-7847-4680-8a63-88a7b996207b,,,Farm
2c2c8cb8-a70b-4e94-a6e7-4394c630c170,e42b6d71-bd7b-4b5f-89ce-86c3148fb992,97d346f9-afd8-4f72-9fd4-136828bf8800,,1768387293251,7536610a-7847-4680-8a63-88a7b996207b,1768387293251,7536610a-7847-4680-8a63-88a7b996207b,,,Farm
b19faa28-ad28-4288-9d5b-dac80e4497fe,e42b6d71-bd7b-4b5f-89ce-86c3148fb992,c36294de-c73c-4cad-a482-6b0a2b1c9a48,,1768457508170,7536610a-7847-4680-8a63-88a7b996207b,1768457508170,7536610a-7847-4680-8a63-88a7b996207b,,,Farm
17bc111a-44f1-4201-a7d8-8f57adca3ae8,73ad53cd-bafa-475d-ac57-1ca62fc5c375,c36294de-c73c-4cad-a482-6b0a2b1c9a48,,1768457638560,7536610a-7847-4680-8a63-88a7b996207b,1768457654895,7536610a-7847-4680-8a63-88a7b996207b,,,Customer
05aadb13-1995-40ca-913f-9e5d78eabab8,e42b6d71-bd7b-4b5f-89ce-86c3148fb992,092ef181-2c9f-4b2a-93b4-f090d451b206,,1768457794862,7536610a-7847-4680-8a63-88a7b996207b,1768457794862,7536610a-7847-4680-8a63-88a7b996207b,,,Farm
a0504723-9af9-449b-9e5a-e719b6cc92b5,e42b6d71-bd7b-4b5f-89ce-86c3148fb992,9154ce5d-8064-40aa-bac2-e229cab8d854,,1768469943490,7536610a-7847-4680-8a63-88a7b996207b,1768469943490,7536610a-7847-4680-8a63-88a7b996207b,,,Farm
8aa17159-8082-4183-84e0-c7c8c768a280,73ad53cd-bafa-475d-ac57-1ca62fc5c375,a72a45fd-83cd-4b7c-b829-39fdd9d73f3a,,1768470056657,7536610a-7847-4680-8a63-88a7b996207b,1768470069941,7536610a-7847-4680-8a63-88a7b996207b,1768470069940,7536610a-7847-4680-8a63-88a7b996207b,Farm
22fee234-e347-4680-a5b7-2db9a42f5aea,e42b6d71-bd7b-4b5f-89ce-86c3148fb992,9fe83366-1018-4bcc-913f-52716490d92c,,1768544277250,7536610a-7847-4680-8a63-88a7b996207b,1768544277250,7536610a-7847-4680-8a63-88a7b996207b,,,Farm
9b5ef031-f7a0-4633-9162-f33896798252,73ad53cd-bafa-475d-ac57-1ca62fc5c375,84151104-e9a0-4bd4-9fd7-ad687656ec1e,,1768630774023,7536610a-7847-4680-8a63-88a7b996207b,1768630789636,7536610a-7847-4680-8a63-88a7b996207b,,,Customer
aa60e06e-4a5a-48bd-acd8-b1e49088a79f,73ad53cd-bafa-475d-ac57-1ca62fc5c375,97d346f9-afd8-4f72-9fd4-136828bf8800,,1768630916719,7536610a-7847-4680-8a63-88a7b996207b,1768630927689,7536610a-7847-4680-8a63-88a7b996207b,,,Customer
155169c2-41b0-482d-8ce6-4d4fabc7e7fc,25725e16-a57c-4bc6-b47b-95076df1ddf0,392c2602-b843-4b1b-8a54-d05a33446c77,1,1688382434577,a0463e4c-2adb-4488-aac3-66bcf22ff32d,1768898344371,9de53163-c68a-4cb9-bf61-8340acfe3061,1768898344372,7536610a-7847-4680-8a63-88a7b996207b,Farm
68348a2e-e08a-4a80-8a60-7f34aa6eb27a,25725e16-a57c-4bc6-b47b-95076df1ddf0,4d3bc656-c7b8-4f46-b797-cb79dff70d59,1,1696668893550,563748b6-6df2-4990-aa54-d574de5546a2,1768898348670,9de53163-c68a-4cb9-bf61-8340acfe3061,1768898348670,7536610a-7847-4680-8a63-88a7b996207b,Farm
b8a9e447-f095-4210-9c00-eda1e72f175e,25725e16-a57c-4bc6-b47b-95076df1ddf0,8fe84d0b-eb1e-47cc-8653-214d6ef74cdc,1,1705905223126,563748b6-6df2-4990-aa54-d574de5546a2,1768898383834,9de53163-c68a-4cb9-bf61-8340acfe3061,1768898383835,7536610a-7847-4680-8a63-88a7b996207b,Farm
ebf42bd5-2bc8-4485-96d5-1da7753d7c0b,438c444e-b330-43ea-92ee-6970325baada,0e668ede-6c66-4bf0-a87c-043303dfd5a7,1,1747209379851,7536610a-7847-4680-8a63-88a7b996207b,1768898438461,7536610a-7847-4680-8a63-88a7b996207b,,,Farm
65ab4da8-4e8b-48c3-9dd2-d337ca73de9d,9154ce5d-8064-40aa-bac2-e229cab8d854,9154ce5d-8064-40aa-bac2-e229cab8d854,1,1768931528697,7536610a-7847-4680-8a63-88a7b996207b,1768931541072,7536610a-7847-4680-8a63-88a7b996207b,,,Farm
ec547a9c-0528-495c-a1e1-6455e6e39a9d,e42b6d71-bd7b-4b5f-89ce-86c3148fb992,6316326b-45da-4553-a852-66bc031c8160,,1768935710928,7536610a-7847-4680-8a63-88a7b996207b,1768935710928,7536610a-7847-4680-8a63-88a7b996207b,,,Farm
6e8d474c-01a9-4ce4-88a1-636cf19c1e94,e2f002eb-b4b3-403a-9db5-71f631ea0fe8,e2f002eb-b4b3-403a-9db5-71f631ea0fe8,1,1769146474742,7536610a-7847-4680-8a63-88a7b996207b,1769146488178,7536610a-7847-4680-8a63-88a7b996207b,,,Farm
efbb8566-89f8-4d6c-b99b-6a16b8f8c666,86ac654e-04ae-4c92-a41a-d5aa4613a4dc,11cc3305-e90b-4953-9c8e-80ed542af33d,1,1769608127236,7536610a-7847-4680-8a63-88a7b996207b,1769608140358,7536610a-7847-4680-8a63-88a7b996207b,,,Customer
1198989d-c039-4c21-94a6-a88bce0b84d7,e42b6d71-bd7b-4b5f-89ce-86c3148fb992,bf7973ec-ce0c-49fa-a65a-cb543b6527c5,,1770196164121,7536610a-7847-4680-8a63-88a7b996207b,1770196164121,7536610a-7847-4680-8a63-88a7b996207b,,,Farm
80e94aad-d064-408b-9b7e-9357d062e3bb,e42b6d71-bd7b-4b5f-89ce-86c3148fb992,e316d2e2-ee9e-4602-9108-8882a45372d7,,1770196297155,7536610a-7847-4680-8a63-88a7b996207b,1770196297155,7536610a-7847-4680-8a63-88a7b996207b,,,Farm
64e1790e-6187-419e-a7c4-96f4a9c64eb9,e42b6d71-bd7b-4b5f-89ce-86c3148fb992,e316d2e2-ee9e-4602-9108-8882a45372d7,,1770196337484,7536610a-7847-4680-8a63-88a7b996207b,1770196337484,7536610a-7847-4680-8a63-88a7b996207b,,,Farm
67847645-caf3-42a6-8793-f5b3785e149e,e42b6d71-bd7b-4b5f-89ce-86c3148fb992,daffe858-5a86-409c-9f1e-71c7fe48c241,,1770196353190,7536610a-7847-4680-8a63-88a7b996207b,1770196353190,7536610a-7847-4680-8a63-88a7b996207b,,,Farm
eb8aa321-259b-4b1e-8899-3f97bfa55ac7,e42b6d71-bd7b-4b5f-89ce-86c3148fb992,bfb26a65-85bf-42ad-8738-b58ad23c2322,,1770196541524,7536610a-7847-4680-8a63-88a7b996207b,1770196541524,7536610a-7847-4680-8a63-88a7b996207b,,,Farm
31c87c60-ab1e-4d24-bf52-9d40525a035e,e42b6d71-bd7b-4b5f-89ce-86c3148fb992,7f9d35c8-bdb6-4fd9-911a-35d48498df80,,1770196621912,7536610a-7847-4680-8a63-88a7b996207b,1770196621912,7536610a-7847-4680-8a63-88a7b996207b,,,Farm
4cc6a790-af1c-4e84-b93c-36d7d5239c89,e42b6d71-bd7b-4b5f-89ce-86c3148fb992,670043b5-9b9f-4e1c-9d2d-2799b97362df,,1770196749132,7536610a-7847-4680-8a63-88a7b996207b,1770196749132,7536610a-7847-4680-8a63-88a7b996207b,,,Farm
b4382246-cc5e-4c62-aad9-1288a890e2f6,e42b6d71-bd7b-4b5f-89ce-86c3148fb992,3594fb39-8cbc-4120-a773-c96c569a6353,,1770196807323,7536610a-7847-4680-8a63-88a7b996207b,1770196807323,7536610a-7847-4680-8a63-88a7b996207b,,,Farm
64e6462d-c209-4496-bf8c-5e9d81ab7582,e42b6d71-bd7b-4b5f-89ce-86c3148fb992,4d3bc656-c7b8-4f46-b797-cb79dff70d59,,1770197014057,7536610a-7847-4680-8a63-88a7b996207b,1770197014057,7536610a-7847-4680-8a63-88a7b996207b,,,Farm
a26c57df-eb0f-4524-bc08-b524442c1ce8,73ad53cd-bafa-475d-ac57-1ca62fc5c375,4c89da02-8e43-4963-ad8b-42877dd29151,1,1770792326293,7536610a-7847-4680-8a63-88a7b996207b,1770792331161,7536610a-7847-4680-8a63-88a7b996207b,,,Customer
bf8d3bae-b453-42b7-b958-f0d66225431b,e42b6d71-bd7b-4b5f-89ce-86c3148fb992,e2807148-4f99-4565-970a-c3e21d956e3d,,1771047670778,7536610a-7847-4680-8a63-88a7b996207b,1771047670778,7536610a-7847-4680-8a63-88a7b996207b,,,Farm
24aa1554-bd22-4902-962b-21ebd540a74c,e42b6d71-bd7b-4b5f-89ce-86c3148fb992,ac08ed97-dda0-4824-b7a3-ad374280dccb,,1771047719955,7536610a-7847-4680-8a63-88a7b996207b,1771047719955,7536610a-7847-4680-8a63-88a7b996207b,,,Farm
1344fb6c-0f92-4e37-a1b2-58be5e0819bc,e42b6d71-bd7b-4b5f-89ce-86c3148fb992,f3ee8c44-da08-4ba4-82ba-15bd7ec41344,,1771047760467,7536610a-7847-4680-8a63-88a7b996207b,1771047760467,7536610a-7847-4680-8a63-88a7b996207b,,,Farm
7ae6e665-7cef-43fd-9014-33e3d8dee48f,e42b6d71-bd7b-4b5f-89ce-86c3148fb992,392c2602-b843-4b1b-8a54-d05a33446c77,,1771047794317,7536610a-7847-4680-8a63-88a7b996207b,1771047794317,7536610a-7847-4680-8a63-88a7b996207b,,,Farm
a4dfa09b-98af-498a-ab5e-28084ad8b96b,e42b6d71-bd7b-4b5f-89ce-86c3148fb992,9bf20262-c41a-42db-bb45-0c0930180336,,1771047830570,7536610a-7847-4680-8a63-88a7b996207b,1771047830570,7536610a-7847-4680-8a63-88a7b996207b,,,Farm
8629164b-38f5-4a0c-a85a-c8392106a4b3,201fab5f-f152-46b2-909c-41eecd055447,201fab5f-f152-46b2-909c-41eecd055447,1,1771415931918,7536610a-7847-4680-8a63-88a7b996207b,1771415940067,7536610a-7847-4680-8a63-88a7b996207b,,,Farm
47a209e9-45fe-4c96-9566-0dfc383cc8d6,86ac654e-04ae-4c92-a41a-d5aa4613a4dc,f94c1624-8f7a-4ec7-82e7-939ee8482424,1,1773314683922,7536610a-7847-4680-8a63-88a7b996207b,1773314691675,7536610a-7847-4680-8a63-88a7b996207b,,,Customer
edc03ff7-d6bc-42a2-960e-637db9dcb600,86ac654e-04ae-4c92-a41a-d5aa4613a4dc,092ef181-2c9f-4b2a-93b4-f090d451b206,1,1773314743845,7536610a-7847-4680-8a63-88a7b996207b,1773314748276,7536610a-7847-4680-8a63-88a7b996207b,,,Customer
60d2d20c-1f64-4af6-95ca-9cbf362e728d,86ac654e-04ae-4c92-a41a-d5aa4613a4dc,51d30360-96ba-4220-801f-186c0fb95a9e,1,1773750976583,7536610a-7847-4680-8a63-88a7b996207b,1773750987242,7536610a-7847-4680-8a63-88a7b996207b,,,Customer
aefb0297-d92b-4181-b1a6-2b4b676aa099,3a750324-585e-4a64-ad02-7e26e30dcd45,3a750324-585e-4a64-ad02-7e26e30dcd45,1,1773931595963,7536610a-7847-4680-8a63-88a7b996207b,1773931604259,7536610a-7847-4680-8a63-88a7b996207b,,,Farm
206c9ddb-c35d-47a6-873a-69f437082aeb,daffe858-5a86-409c-9f1e-71c7fe48c241,cc2a7fb1-adcb-493c-8411-87f1cd10e20b,,1774306792536,7536610a-7847-4680-8a63-88a7b996207b,1774306825825,7536610a-7847-4680-8a63-88a7b996207b,,,Customer
5734a248-144d-48c7-b505-ef3b22505ddc,dea10c35-1012-4f81-a402-1db1771f063f,a01cedb7-c4b4-4625-b2b6-57888d357338,1,1774519705733,7536610a-7847-4680-8a63-88a7b996207b,1774519721305,7536610a-7847-4680-8a63-88a7b996207b,,,Customer
