id,weekNr,containerId,stuffingDate,loadingMin,generalComments,approvedMtAt,approvedMtBy,createdAt,createdById,updatedAt,updatedById,deletedAt,deletedById,closedAt,closedById
7d09954c-a822-457a-ae53-6bd0331f10ff,2342,9e1c8420-f9bc-4f50-b77c-0e978a4df784,1698306060000,36,,,,1698287149645,029bf603-ac41-44a6-98ee-e488a8e38bca,1698423035076,0fbacf80-7675-4545-a351-293a71a1e858,,,,
4090fd38-d448-4038-a1f9-96d96f6cf3bc,2343,4f3d4280-1ed2-489a-b4c1-a773db98126e,1698653844000,27,,,,1698133870163,7e4ae150-e9ea-46ae-a92f-d14d3e9085c6,1698656660767,0fbacf80-7675-4545-a351-293a71a1e858,,,,
7eda53dd-16f8-4965-a479-c732456732e5,2343,88cf770d-ddf5-45e1-b587-ff493624fe3c,1698719007000,33,,,,1698242413757,7e4ae150-e9ea-46ae-a92f-d14d3e9085c6,1698721691539,0fbacf80-7675-4545-a351-293a71a1e858,,,,
12783888-da7c-4311-838f-013496087597,2343,1e799a4d-1765-4958-88ff-d4610c509461,1698903627000,35,,,,1698242306935,7e4ae150-e9ea-46ae-a92f-d14d3e9085c6,1698997852843,0fbacf80-7675-4545-a351-293a71a1e858,,,,
017c353a-58cd-4dcd-8e02-f32ac602e1f7,2343,4ac9e12f-b03f-4321-810c-d9a40e16adb3,1698115232000,30,,,,1697709911523,5c4b1967-d7d4-4d8e-9bc3-b1526170667d,1698117138681,0fbacf80-7675-4545-a351-293a71a1e858,,,,
4744c9e8-c594-4e3a-9415-cf7ef117cf00,2343,330ffe80-efb7-48f8-a505-5e25319f0aab,,,,,,1698121714230,7e4ae150-e9ea-46ae-a92f-d14d3e9085c6,1698121714230,7e4ae150-e9ea-46ae-a92f-d14d3e9085c6,,,,
1193606c-6794-4d6d-8faa-f837b935bf0c,2342,91ecd0ab-e6a8-426c-8af4-b45f797a8c4b,,,,,,1698287061556,029bf603-ac41-44a6-98ee-e488a8e38bca,1698287061556,029bf603-ac41-44a6-98ee-e488a8e38bca,,,,
a7e3713b-27c8-42ba-aadf-0555156ec1a7,2343,2705a4ea-77a0-4f6a-a954-ce4d1645e54f,,,,,,1698558537065,a06c7ce9-d2f3-46e8-b1a2-8b57f436bfe5,1698558537065,a06c7ce9-d2f3-46e8-b1a2-8b57f436bfe5,,,,
5a936fd3-e47b-4d86-8e6d-f60083e419e0,2343,501aeee5-8276-4ac4-94b7-9d9dd87611fb,,,,,,1698558574955,a06c7ce9-d2f3-46e8-b1a2-8b57f436bfe5,1698558574955,a06c7ce9-d2f3-46e8-b1a2-8b57f436bfe5,,,,
e75f03e3-6ebb-45ac-972d-724d5678dbe8,2343,6bb9b76b-af73-4dfc-a74a-3bee84b083fc,,,,,,1698558616566,a06c7ce9-d2f3-46e8-b1a2-8b57f436bfe5,1698558616566,a06c7ce9-d2f3-46e8-b1a2-8b57f436bfe5,,,,
c63096ff-8dfb-42cf-86c9-e75a8b918b53,2340,3392cf0c-22cf-420d-b4e8-0f4f8a38064a,1696993624000,24,,,,1696573797651,d6cbdf10-0e28-4035-9ccf-109293804a9f,1702392574914,a0463e4c-2adb-4488-aac3-66bcf22ff32d,1702379532123,4a2f76a7-6256-4e67-8d8a-095cee8557f7,,
cac99c7b-8060-4594-95cc-ca8afc7d31c3,2341,946a168b-0840-49d0-81db-16573b813124,,,,,,1697090309366,a06c7ce9-d2f3-46e8-b1a2-8b57f436bfe5,1702392575105,a06c7ce9-d2f3-46e8-b1a2-8b57f436bfe5,1702379532123,4a2f76a7-6256-4e67-8d8a-095cee8557f7,,
358fbc60-2e03-4f12-ac7a-2b9db0553893,2331,cead894b-f2c8-4d40-bcb6-6cc93812fa1b,1691065223000,20,Test comment,,,1690279790432,a0463e4c-2adb-4488-aac3-66bcf22ff32d,1702392575277,563748b6-6df2-4990-aa54-d574de5546a2,1702379532123,4a2f76a7-6256-4e67-8d8a-095cee8557f7,,
17b105d1-be7f-44f9-a04f-538dd01c1f3d,2331,3a7096af-c0bf-4955-b01a-7216c0865271,,,,,,1693555795956,8023fee0-eb63-4d1d-98cd-025b93d1888b,1702392575444,8023fee0-eb63-4d1d-98cd-025b93d1888b,1702379532123,4a2f76a7-6256-4e67-8d8a-095cee8557f7,,
ff5af0cb-7341-413c-b650-b7727ca94537,2340,0496fc5b-71d7-4575-95b4-3735792d9a9e,1696808820000,32,,,,1697021921124,7e4ae150-e9ea-46ae-a92f-d14d3e9085c6,1702392575795,0fbacf80-7675-4545-a351-293a71a1e858,1702379532123,4a2f76a7-6256-4e67-8d8a-095cee8557f7,,
c2a51bfd-0f6f-4bcc-ab67-8b855751108c,2327,2a7abb33-530b-4ede-8df4-12832ce4e32c,1692101902000,20,good packing ,,,1689071770221,e993ecc1-f73d-4841-99c6-97aa32045932,1702392575984,563748b6-6df2-4990-aa54-d574de5546a2,1702379532123,4a2f76a7-6256-4e67-8d8a-095cee8557f7,,
9f2aaa5e-3998-41d9-86e6-254c4bacc145,2341,cf74003e-223b-4b6e-9290-97680b002bf5,1697104607000,24,,,,1696921134357,7e4ae150-e9ea-46ae-a92f-d14d3e9085c6,1702392576155,0fbacf80-7675-4545-a351-293a71a1e858,1702379532123,4a2f76a7-6256-4e67-8d8a-095cee8557f7,,
ee6664fd-0ab2-45b3-8193-157cd3bb76e7,2334,8eab5d79-8839-46ae-99e6-f5ca171cd566,,,,,,1693557244413,8023fee0-eb63-4d1d-98cd-025b93d1888b,1702392576327,563748b6-6df2-4990-aa54-d574de5546a2,1702379532123,4a2f76a7-6256-4e67-8d8a-095cee8557f7,,
0f7c9467-af85-425a-ae74-4e4cb4010511,2335,e16cc146-1221-410b-90d4-0bce4a77e931,,,,,,1694174690955,8023fee0-eb63-4d1d-98cd-025b93d1888b,1702392576496,8023fee0-eb63-4d1d-98cd-025b93d1888b,1702379532123,4a2f76a7-6256-4e67-8d8a-095cee8557f7,,
282113f6-04aa-4f6d-9572-dd59b7a274c0,2336,acbcd317-0f89-485b-8a53-2aa1a4d03b69,,,,,,1694194054729,d6cbdf10-0e28-4035-9ccf-109293804a9f,1702392576678,d6cbdf10-0e28-4035-9ccf-109293804a9f,1702379532123,4a2f76a7-6256-4e67-8d8a-095cee8557f7,,
b4edd817-11df-438e-8239-25768ba85255,2335,2ff35844-48c2-492a-bc9c-9be4f11223b4,,,,,,1694257980298,8023fee0-eb63-4d1d-98cd-025b93d1888b,1702392577016,8023fee0-eb63-4d1d-98cd-025b93d1888b,1702379532123,4a2f76a7-6256-4e67-8d8a-095cee8557f7,,
e638fdec-5e31-4332-bdf0-82d0e2228d67,2337,666cd43c-f8aa-4d8b-bd0f-e46bb0fd6ce7,,,,,,1695208638635,d6cbdf10-0e28-4035-9ccf-109293804a9f,1702392577197,d6cbdf10-0e28-4035-9ccf-109293804a9f,1702379532123,4a2f76a7-6256-4e67-8d8a-095cee8557f7,,
97cdbf88-2b8d-4118-aab7-50b90d0ed3d7,2337,11978e2b-83cc-4b9a-b2b9-2c9e009d6713,,,,,,1695796719045,d6cbdf10-0e28-4035-9ccf-109293804a9f,1702392577365,d6cbdf10-0e28-4035-9ccf-109293804a9f,1702379532123,4a2f76a7-6256-4e67-8d8a-095cee8557f7,,
ec672945-948a-4815-875f-424254942b52,2339,fd414998-2c5d-49a6-9297-854b5d494f04,,,,,,1696155790572,8023fee0-eb63-4d1d-98cd-025b93d1888b,1702392577549,8023fee0-eb63-4d1d-98cd-025b93d1888b,1702379532123,4a2f76a7-6256-4e67-8d8a-095cee8557f7,,
fc4184b8-7015-4130-9924-ad180a010b66,2336,fbd206e8-3f6b-4f6d-8e4c-c8bef574021f,,,,,,1696274049795,029bf603-ac41-44a6-98ee-e488a8e38bca,1702392577727,029bf603-ac41-44a6-98ee-e488a8e38bca,1702379532123,4a2f76a7-6256-4e67-8d8a-095cee8557f7,,
51a6231d-804f-4977-8936-3bc2b4424210,2340,cf74003e-223b-4b6e-9290-97680b002bf5,1697104614000,24,,,,1696667943677,029bf603-ac41-44a6-98ee-e488a8e38bca,1702392578067,0fbacf80-7675-4545-a351-293a71a1e858,1702379532123,4a2f76a7-6256-4e67-8d8a-095cee8557f7,,
493c02bf-db4d-49ef-813d-8face3a24448,2341,59e2799a-6db5-4e2c-b5c2-e759a8bce82d,,,,,,1697111983858,a06c7ce9-d2f3-46e8-b1a2-8b57f436bfe5,1702392578236,a06c7ce9-d2f3-46e8-b1a2-8b57f436bfe5,1702379532123,4a2f76a7-6256-4e67-8d8a-095cee8557f7,,
235494a9-d8c3-4fe3-9f05-50c5056a0c1d,2339,d4ead8cc-50ed-4897-9fa2-1c975e43a809,1696386676000,21,,,,1696396455692,4b55a881-d8f1-43d1-9804-95c60e98da85,1702392578408,0fbacf80-7675-4545-a351-293a71a1e858,1702379532123,4a2f76a7-6256-4e67-8d8a-095cee8557f7,,
f3a85189-0de7-4da1-bf59-4fbd310f8512,2342,c0654635-d686-41c8-8844-fb5b8675a6f4,,,,,,1697205922913,7e4ae150-e9ea-46ae-a92f-d14d3e9085c6,1702392578581,7e4ae150-e9ea-46ae-a92f-d14d3e9085c6,1702379532123,4a2f76a7-6256-4e67-8d8a-095cee8557f7,,
823212f7-dc43-446e-aff7-63108fd41d46,2342,946a168b-0840-49d0-81db-16573b813124,,,,,,1697437771013,a06c7ce9-d2f3-46e8-b1a2-8b57f436bfe5,1702392578748,a06c7ce9-d2f3-46e8-b1a2-8b57f436bfe5,1702379532123,4a2f76a7-6256-4e67-8d8a-095cee8557f7,,
52ce52a2-6611-4e68-8fd6-f6f9dc53512c,2340,94eec186-c193-47a5-89d4-957e4b41a7b8,,,,,,1696574227068,d6cbdf10-0e28-4035-9ccf-109293804a9f,1702392579090,d6cbdf10-0e28-4035-9ccf-109293804a9f,1702379532123,4a2f76a7-6256-4e67-8d8a-095cee8557f7,,
aa9ba97e-494d-4fe8-a266-7099b7d9086d,2341,2d36a882-aa71-4ada-aefb-00f236332f9a,1697442180000,30,,,,1697112808250,54142024-b1bf-4d46-8603-108e4b5af336,1702392579270,0fbacf80-7675-4545-a351-293a71a1e858,1702379532123,4a2f76a7-6256-4e67-8d8a-095cee8557f7,,
e1599630-00d2-498a-9ec1-6ac7da1d4057,2341,19b788a3-9f34-4159-a089-0775098ce9fc,,,,,,1696742552012,a354b22d-f080-474c-b5a3-bb489c5bc46f,1702392579444,a354b22d-f080-474c-b5a3-bb489c5bc46f,1702379532123,4a2f76a7-6256-4e67-8d8a-095cee8557f7,,
8a06a182-2264-4667-aa42-3fb554f1bd2e,2341,9527c4ab-067d-418c-8789-d3eb5e671cf7,1697512200000,35,,,,1697097572019,8023fee0-eb63-4d1d-98cd-025b93d1888b,1702392579663,0fbacf80-7675-4545-a351-293a71a1e858,1702379532123,4a2f76a7-6256-4e67-8d8a-095cee8557f7,,
a985de51-6519-4683-9d8d-313469d85442,2341,5be8c560-eadc-4356-978b-b4d8be5fa112,1697614820000,32,,,,1697092428170,4b55a881-d8f1-43d1-9804-95c60e98da85,1702392579829,0fbacf80-7675-4545-a351-293a71a1e858,1702379532123,4a2f76a7-6256-4e67-8d8a-095cee8557f7,,
b174439d-f0ab-4889-a717-fcf2efeceb2d,2340,e77e3d86-ee02-4771-8b79-844b0e5933a0,1696808820000,32,,,,1696575904667,4b55a881-d8f1-43d1-9804-95c60e98da85,1702392580174,0fbacf80-7675-4545-a351-293a71a1e858,1702379532123,4a2f76a7-6256-4e67-8d8a-095cee8557f7,,
aeab9ea0-1dc8-4a8f-bcad-2adb7bdcb4dd,2342,72033f2f-123d-41c3-85c5-3ef6a45d377f,,,,,,1697721638985,a06c7ce9-d2f3-46e8-b1a2-8b57f436bfe5,1702392580345,a06c7ce9-d2f3-46e8-b1a2-8b57f436bfe5,1702379532123,4a2f76a7-6256-4e67-8d8a-095cee8557f7,,
8e581fa8-a34f-4e7a-99a9-c7475016f02a,2340,07896acf-38b2-45fb-94ec-fcaa85b1efd3,1696990913000,21,,,,1696568283495,a354b22d-f080-474c-b5a3-bb489c5bc46f,1702392580511,0fbacf80-7675-4545-a351-293a71a1e858,1702379532123,4a2f76a7-6256-4e67-8d8a-095cee8557f7,,
4e6243d8-19b7-473e-ac6d-fb8d5f45fd6f,2341,07896acf-38b2-45fb-94ec-fcaa85b1efd3,1696904820000,21,,,,1696667997243,029bf603-ac41-44a6-98ee-e488a8e38bca,1702392580677,0fbacf80-7675-4545-a351-293a71a1e858,1702379532123,4a2f76a7-6256-4e67-8d8a-095cee8557f7,,
9a9f8ba7-0851-4a68-89f9-106a7157550c,2342,682d05fd-2633-4f25-b14c-9efa8bbfa6ca,,,,,,1697976310810,a06c7ce9-d2f3-46e8-b1a2-8b57f436bfe5,1702392580843,a06c7ce9-d2f3-46e8-b1a2-8b57f436bfe5,1702379532123,4a2f76a7-6256-4e67-8d8a-095cee8557f7,,
e3ff4b83-e6a9-48ec-a7cf-db7da9f8f425,2342,1700f0fa-c1a8-4010-bc7e-b7ecd46d58c6,1698047834000,36,Condensation  on all farms except  Eco Roses and Batian  Flowers. ,,,1697532542317,4b55a881-d8f1-43d1-9804-95c60e98da85,1702392581178,0fbacf80-7675-4545-a351-293a71a1e858,1702379532123,4a2f76a7-6256-4e67-8d8a-095cee8557f7,,
56f240a9-50db-4ee0-bc95-92fed526d7ce,2342,4ac9e12f-b03f-4321-810c-d9a40e16adb3,1698117000000,30,,,,1697626817015,8023fee0-eb63-4d1d-98cd-025b93d1888b,1702392952298,0fbacf80-7675-4545-a351-293a71a1e858,,,,
18a66c0b-606b-487e-b3b3-dc7f8e07ebd3,2343,18ae559e-73c5-4845-8534-d227063521ee,1698201032000,28,,,,1697870173802,4b55a881-d8f1-43d1-9804-95c60e98da85,1702392952474,0fbacf80-7675-4545-a351-293a71a1e858,,,,
69972a3a-2ead-4f70-9ab2-c7f761971639,2342,18ae559e-73c5-4845-8534-d227063521ee,1698201032000,28,,,,1697702835998,5c4b1967-d7d4-4d8e-9bc3-b1526170667d,1702392952643,0fbacf80-7675-4545-a351-293a71a1e858,,,,
1811caf3-e7c4-45bf-a07e-b8e63c0039b3,2344,94e26a92-a9be-4e73-9432-47d51977795a,,,,,,1698566760427,19eaeba3-5061-484b-a8bb-50e04d0b9d51,1698566760427,19eaeba3-5061-484b-a8bb-50e04d0b9d51,,,,
22f6ef28-db14-4ea3-b2b4-7a55aee9aa7a,2343,3bfa9964-7d8b-497a-8d8b-f6bac329ae77,1698806012000,30,,,,1698468429293,a06c7ce9-d2f3-46e8-b1a2-8b57f436bfe5,1698808033065,0fbacf80-7675-4545-a351-293a71a1e858,,,,
204e613b-d18a-41a9-8cd6-0d1820ab5381,2343,199a54d1-a2eb-49ec-b18e-7d1e5b70fa72,,,,,,1698838130857,a06c7ce9-d2f3-46e8-b1a2-8b57f436bfe5,1698838130857,a06c7ce9-d2f3-46e8-b1a2-8b57f436bfe5,,,,
ed1e9678-7057-4b91-ade3-112b549adc7a,2344,9f2d6b12-d641-49a0-826e-141fca64f428,,,,,,1698919090231,a06c7ce9-d2f3-46e8-b1a2-8b57f436bfe5,1698919090231,a06c7ce9-d2f3-46e8-b1a2-8b57f436bfe5,,,,
fb8b31b5-1cec-45f1-be51-5a96669dc19e,2344,fb2a43e6-8f90-4a4f-a251-b63c7610ddfa,,,,,,1698992979529,a06c7ce9-d2f3-46e8-b1a2-8b57f436bfe5,1698992979529,a06c7ce9-d2f3-46e8-b1a2-8b57f436bfe5,,,,
f4c3a0dd-036a-4706-b059-337b3c9a8e44,2344,3ee838e0-13ae-4833-87fa-2c963e427c12,,,,,,1698993260967,a06c7ce9-d2f3-46e8-b1a2-8b57f436bfe5,1698993260967,a06c7ce9-d2f3-46e8-b1a2-8b57f436bfe5,,,,
724d1c05-7252-40b4-a3d6-5a0508b73c01,2345,c3e274e3-1bbd-4e41-a9d1-fc7d60e872a4,,,,,,1699094517819,e993ecc1-f73d-4841-99c6-97aa32045932,1699094517819,e993ecc1-f73d-4841-99c6-97aa32045932,,,,
0e4461dd-ead6-48b3-89bd-13777cbbc691,2345,9f2d6b12-d641-49a0-826e-141fca64f428,,,,,,1699252181418,a06c7ce9-d2f3-46e8-b1a2-8b57f436bfe5,1699252181418,a06c7ce9-d2f3-46e8-b1a2-8b57f436bfe5,,,,
752ab9ac-640f-46e6-be00-f89a815d1c3b,2345,efa42f3d-d227-48fb-bb0e-28557d669291,,,,,,1699434549866,a06c7ce9-d2f3-46e8-b1a2-8b57f436bfe5,1699434549866,a06c7ce9-d2f3-46e8-b1a2-8b57f436bfe5,,,,
989f52ff-07a2-42b2-bc95-f0314ccac191,2345,7f362a1d-17b2-4c6e-86fa-d6554d4605d2,,,,,,1699434631582,a06c7ce9-d2f3-46e8-b1a2-8b57f436bfe5,1699434631583,a06c7ce9-d2f3-46e8-b1a2-8b57f436bfe5,,,,
102be9c3-e694-4e7c-bdd3-2bc2bb64462f,2345,392c9cd2-cc0f-4faf-bab3-edb53f8b791d,1699419540000,34,,,,1698908696361,4b55a881-d8f1-43d1-9804-95c60e98da85,1699532415821,15163617-88c7-4994-bc29-341452e1012f,,,,
23c9e76a-515b-4531-b7c0-a760f73e6ec0,2344,5b80c932-3f77-4017-bbbb-083b5680dcbc,1699261140000,36,,,,1698749259338,4b55a881-d8f1-43d1-9804-95c60e98da85,1699532504622,15163617-88c7-4994-bc29-341452e1012f,,,,
24596372-6343-465c-a9ec-00b75b444810,2345,15c52bcb-273f-4eec-b150-13cae74c313e,1699860758000,38,,,,1699357890869,d6cbdf10-0e28-4035-9ccf-109293804a9f,1699873674711,0fbacf80-7675-4545-a351-293a71a1e858,,,,
9f388519-3270-49b5-a863-ccdd8568c122,2345,01c8ebdd-52bb-474a-a876-29b97dec9b8f,1699928586000,36,,,,1699518008463,d6cbdf10-0e28-4035-9ccf-109293804a9f,1699930767796,0fbacf80-7675-4545-a351-293a71a1e858,,,,
e44574d7-a787-4d2e-8173-1fd3e81f8d83,2346,72af86b7-0f69-452c-b5a6-0346f02a1709,,,,,,1699937930806,4b55a881-d8f1-43d1-9804-95c60e98da85,1699937930806,4b55a881-d8f1-43d1-9804-95c60e98da85,,,,
0b817e06-f80c-45ac-a3a8-a4b681781755,2345,0c3b2255-fde3-4ff2-8f79-f77fa9711a6c,,,,,,1699940508418,a06c7ce9-d2f3-46e8-b1a2-8b57f436bfe5,1699940508418,a06c7ce9-d2f3-46e8-b1a2-8b57f436bfe5,,,,
b072868b-1516-43fb-87d2-81623feb8ccd,2344,da0b759f-fe6b-435d-b783-8b08a52db1ac,1699327680000,26,,,,1698909538576,6a119418-4cdf-46fb-a81e-9e676aa4fe0b,1699942337794,563748b6-6df2-4990-aa54-d574de5546a2,,,,
7b21c3c1-64df-4746-b97b-0d7c3a94bf40,2346,ff8ced84-423b-49ae-86dc-f6e8bc7024ac,1700029284000,30,,,,1699520957450,5c4b1967-d7d4-4d8e-9bc3-b1526170667d,1700031296815,0fbacf80-7675-4545-a351-293a71a1e858,,,,
b076e779-e451-40ed-9af7-bed3fa53f17c,2346,6164da5d-02ec-4ca8-bb7d-7434f12773a8,,,,,,1700206463031,a06c7ce9-d2f3-46e8-b1a2-8b57f436bfe5,1700206463031,a06c7ce9-d2f3-46e8-b1a2-8b57f436bfe5,,,,
35f18408-46a6-405e-9ad0-32dddcbbf1cb,2346,7cb5b7cd-cec3-4f91-b5cb-71b4cbb35454,,,,,,1700308561298,a06c7ce9-d2f3-46e8-b1a2-8b57f436bfe5,1700308561298,a06c7ce9-d2f3-46e8-b1a2-8b57f436bfe5,,,,
33bd0026-adeb-47d4-98aa-639836202ffc,2347,899e4a47-1e27-4f49-87df-dfa9ebd75d0d,,,,,,1700471140873,0fbacf80-7675-4545-a351-293a71a1e858,1700471140873,0fbacf80-7675-4545-a351-293a71a1e858,,,,
4ffaf2eb-5e13-479d-a655-efcedcb03091,2348,77f38325-19aa-4fec-a3fc-430680be6a29,1701829001000,40,Very good  loading temperatures. ,,,1701271669657,7e4ae150-e9ea-46ae-a92f-d14d3e9085c6,1701839437821,0fbacf80-7675-4545-a351-293a71a1e858,,,,
ea9e9abe-45d4-4378-b39b-70c5b686b410,2346,0c28a217-4bd1-4600-8f2d-570a9cf259c8,1700468580000,37,,,,1699942559207,4b55a881-d8f1-43d1-9804-95c60e98da85,1700556839368,15163617-88c7-4994-bc29-341452e1012f,,,,
b69b3264-ef88-4a09-837e-c52ef2eff69d,2347,bccea7ff-0e07-4f2c-9f37-ea1a2e26c314,1701077660000,60,This is a passive container. ,,,1700563689257,d6cbdf10-0e28-4035-9ccf-109293804a9f,1701139234428,0fbacf80-7675-4545-a351-293a71a1e858,,,,
02e47792-194e-45cc-b643-848cb78474f1,2328,cead894b-f2c8-4d40-bcb6-6cc93812fa1b,,,,,,1689590078170,e993ecc1-f73d-4841-99c6-97aa32045932,1702392574740,e993ecc1-f73d-4841-99c6-97aa32045932,1702379532123,4a2f76a7-6256-4e67-8d8a-095cee8557f7,,
8ce2782b-ea63-44ea-a234-0f6ed47f3748,2349,8c584da4-99b2-4bea-8c75-1fafdd11baee,,,,,,1701865424041,a06c7ce9-d2f3-46e8-b1a2-8b57f436bfe5,1701865424041,a06c7ce9-d2f3-46e8-b1a2-8b57f436bfe5,,,,
47e3a338-1238-4cc0-bdd3-2debe032476d,2347,9ad0df49-2d4d-4170-ad6e-deee9279fafa,1701231129000,26,,,,1700563936955,d6cbdf10-0e28-4035-9ccf-109293804a9f,1701245148359,0fbacf80-7675-4545-a351-293a71a1e858,,,,
aaf14379-e451-4dc4-8d78-63023cb1399b,2346,bdb1d537-a0bf-45a1-b013-dd762e9de2f8,1700536680000,33,,,,1700112334840,e993ecc1-f73d-4841-99c6-97aa32045932,1700556884473,15163617-88c7-4994-bc29-341452e1012f,,,,
172b8557-950c-4d04-b102-281bdd00bf53,2347,c798b421-821b-46e2-96c8-9e1da9316daa,,,,,,1700649562672,a06c7ce9-d2f3-46e8-b1a2-8b57f436bfe5,1700649562673,a06c7ce9-d2f3-46e8-b1a2-8b57f436bfe5,,,,
161bed8a-f0a7-4365-9f33-3736812f6966,2347,85115dd4-1aef-4cfa-ade3-4965e3ad78a4,,,,,,1700649828391,a06c7ce9-d2f3-46e8-b1a2-8b57f436bfe5,1700649828391,a06c7ce9-d2f3-46e8-b1a2-8b57f436bfe5,,,,
46d0e3fb-14bb-4b7e-8fd6-36235c9d99ee,2348,8c18a643-ecff-456a-8d89-5b7ccfa30f97,,,,,,1700977957965,a06c7ce9-d2f3-46e8-b1a2-8b57f436bfe5,1700977957965,a06c7ce9-d2f3-46e8-b1a2-8b57f436bfe5,,,,
f8647bf3-e46e-4741-94af-ccd2477f3cf1,2341,a52e2e5c-e1c4-4ec4-89b0-0780cb0c7c95,,50,Test 1,,,1696834041407,a0463e4c-2adb-4488-aac3-66bcf22ff32d,1702392575614,a0463e4c-2adb-4488-aac3-66bcf22ff32d,1702379532123,4a2f76a7-6256-4e67-8d8a-095cee8557f7,,
220a398a-07d2-4e7b-a5f7-a65baf7adca9,2348,58b9ac4a-c7a0-4886-a07d-159b58391e68,1701833034000,28,,,,1701320031179,e993ecc1-f73d-4841-99c6-97aa32045932,1701750263611,0fbacf80-7675-4545-a351-293a71a1e858,,,,
785b3902-f198-4d2f-bd75-a81cff43c027,2348,278fbf91-718d-4c5a-af21-9e7d148e31da,1701678219000,47,One skide from Maji Mazuri rejected due to high arrival temperatures.,,,1701250447276,7e4ae150-e9ea-46ae-a92f-d14d3e9085c6,1701871088857,0fbacf80-7675-4545-a351-293a71a1e858,,,,
c5150476-9e68-4a99-bd5f-3b5dc6b9010e,2347,316d1d9d-ed0a-472c-aa92-98ca860b2ff2,1701148869000,31,,,,1700813315196,a354b22d-f080-474c-b5a3-bb489c5bc46f,1701245366794,0fbacf80-7675-4545-a351-293a71a1e858,,,,
f114c2fc-f624-41e8-af6f-127883d3aff3,2348,b6a33095-5b0d-414d-a23a-92768bd9e7a4,,,,,,1701263378851,a06c7ce9-d2f3-46e8-b1a2-8b57f436bfe5,1701263378851,a06c7ce9-d2f3-46e8-b1a2-8b57f436bfe5,,,,
e077588f-b0f6-4af5-9e90-640e8c394b11,2348,ae1837aa-e015-4bdd-9196-3a78b59bc483,,,,,,1701263593768,a06c7ce9-d2f3-46e8-b1a2-8b57f436bfe5,1701263593768,a06c7ce9-d2f3-46e8-b1a2-8b57f436bfe5,,,,
3bc24e0a-a742-42ba-8f43-02eae528a1e5,2349,3bc3b5c2-aeb5-48a0-a335-942b8eed58c2,,,,,,1701671471215,54142024-b1bf-4d46-8603-108e4b5af336,1701671471215,54142024-b1bf-4d46-8603-108e4b5af336,,,,
a0978908-cdb7-4161-b229-54d642768358,2350,a5ccf337-d0eb-4d82-9acc-35006e0ee873,,,,,,1702205704770,a06c7ce9-d2f3-46e8-b1a2-8b57f436bfe5,1702205704770,a06c7ce9-d2f3-46e8-b1a2-8b57f436bfe5,,,,
66dcc7fe-c186-4f58-9953-ce354064bd6c,2336,8e510978-ce5f-46b5-99dc-ad8a84249f69,,,,,,1694256899157,8023fee0-eb63-4d1d-98cd-025b93d1888b,1702392576846,8023fee0-eb63-4d1d-98cd-025b93d1888b,1702379532123,4a2f76a7-6256-4e67-8d8a-095cee8557f7,,
b04fa54a-0a04-49a1-9070-55c9daa6fb4f,2349,efeb5339-dcd1-4b0f-8f80-5733398f010a,1702353676000,29,,,,1701932869853,e993ecc1-f73d-4841-99c6-97aa32045932,1702360615996,15163617-88c7-4994-bc29-341452e1012f,,,,
92dd9ffc-4453-451b-b584-5ef0e4902ff5,2339,8f4c9892-acdc-4453-bf2a-6300800a8f56,,,,,,1696396213650,4b55a881-d8f1-43d1-9804-95c60e98da85,1702392577895,4b55a881-d8f1-43d1-9804-95c60e98da85,1702379532123,4a2f76a7-6256-4e67-8d8a-095cee8557f7,,
5182ab36-e28a-447c-8a22-d833330c863e,2350,efeb5339-dcd1-4b0f-8f80-5733398f010a,,,,,,1702370611294,5c4b1967-d7d4-4d8e-9bc3-b1526170667d,1702370611294,5c4b1967-d7d4-4d8e-9bc3-b1526170667d,,,,
2f191307-9a1c-48b3-9611-0bde7c5bb2fe,2340,3eda8949-84f1-46dd-81c0-263a73cde8a6,,,,,,1696573361864,a06c7ce9-d2f3-46e8-b1a2-8b57f436bfe5,1702392578917,a06c7ce9-d2f3-46e8-b1a2-8b57f436bfe5,1702379532123,4a2f76a7-6256-4e67-8d8a-095cee8557f7,,
45262e6c-cdf8-4632-9abb-d2a183fed9fb,2341,91ecd0ab-e6a8-426c-8af4-b45f797a8c4b,1697681421000,40,,,,1697205664732,7e4ae150-e9ea-46ae-a92f-d14d3e9085c6,1702392579996,0fbacf80-7675-4545-a351-293a71a1e858,1702379532123,4a2f76a7-6256-4e67-8d8a-095cee8557f7,,
85fb7478-9ac8-4c0b-a3b6-4ec6e693ef87,2339,9977400d-77f3-470d-9881-fcb19773cdcd,1696472454000,38,,,,1696274499342,029bf603-ac41-44a6-98ee-e488a8e38bca,1702392581012,0fbacf80-7675-4545-a351-293a71a1e858,1702379532123,4a2f76a7-6256-4e67-8d8a-095cee8557f7,,
09c63a66-2e3b-4ab1-b9cf-5c3eec242258,2339,a52e2e5c-e1c4-4ec4-89b0-0780cb0c7c95,1699083898000,45,"
",,,1696241479750,a0463e4c-2adb-4488-aac3-66bcf22ff32d,1702392582037,a0463e4c-2adb-4488-aac3-66bcf22ff32d,1702379532123,4a2f76a7-6256-4e67-8d8a-095cee8557f7,,
f4d12ff0-8f2c-418b-bc2f-1e52d8ba96b7,2349,f3de6d56-3296-4f48-b337-aa81e2f5ba7c,1702439540000,42,,,,1701866246682,029bf603-ac41-44a6-98ee-e488a8e38bca,1702456729950,0fbacf80-7675-4545-a351-293a71a1e858,,,,
52987932-e3c4-4bc2-839e-1baa078393b3,2350,dfa5fd67-2f64-44a0-a327-494b1ef0c774,1702516431000,19,,,,1701864125489,5c4b1967-d7d4-4d8e-9bc3-b1526170667d,1702530232939,0fbacf80-7675-4545-a351-293a71a1e858,,,,
6b04496c-c0f5-41b8-9364-7b0b3018ed9d,2343,9e1c8420-f9bc-4f50-b77c-0e978a4df784,1698306078000,36,,,,1697694867875,7e4ae150-e9ea-46ae-a92f-d14d3e9085c6,1702392952810,0fbacf80-7675-4545-a351-293a71a1e858,,,,
0b257084-efe5-4e01-b388-5cb22458e2e6,2350,16edca30-ee30-4635-b3c9-3302842e923d,,,,,,1702531193298,4b55a881-d8f1-43d1-9804-95c60e98da85,1702531193298,4b55a881-d8f1-43d1-9804-95c60e98da85,,,,
23a1b6f2-da30-48ad-b42d-cbe13ba07371,2350,0037ea50-2745-4f9f-9d55-97a9ebbb95ea,,,,,,1702540108672,a06c7ce9-d2f3-46e8-b1a2-8b57f436bfe5,1702540108672,a06c7ce9-d2f3-46e8-b1a2-8b57f436bfe5,,,,
044bc8a7-6a51-4414-a821-91a9295c3e66,2350,005f33c4-07e2-454a-a7ef-09d138493f6d,,,,,,1702545818451,5c4b1967-d7d4-4d8e-9bc3-b1526170667d,1702545818451,5c4b1967-d7d4-4d8e-9bc3-b1526170667d,,,,
9d5f67b8-c242-476b-8820-8bbb5c272a67,2349,859ce17f-108b-4f67-a237-bfdd165425d8,,,,,,1702552183412,a06c7ce9-d2f3-46e8-b1a2-8b57f436bfe5,1702552183412,a06c7ce9-d2f3-46e8-b1a2-8b57f436bfe5,,,,
5f4a4110-b85e-408d-88e2-8ab1900cda3c,2350,a2d0acc3-8f63-49c6-9f28-84a0a62f5513,,,,,,1702552273484,a06c7ce9-d2f3-46e8-b1a2-8b57f436bfe5,1702552273484,a06c7ce9-d2f3-46e8-b1a2-8b57f436bfe5,,,,
1243872d-f2cc-4722-8703-13fc77514d84,2351,a5ccf337-d0eb-4d82-9acc-35006e0ee873,,,,,,1702796592712,54142024-b1bf-4d46-8603-108e4b5af336,1702796592712,54142024-b1bf-4d46-8603-108e4b5af336,,,,
39babb4d-6cc0-4c35-9ece-affbfb789991,2351,af9875d4-f826-4d8e-a6c7-1d1e8ecb422b,,,,,,1703218853800,7e4ae150-e9ea-46ae-a92f-d14d3e9085c6,1703218853800,7e4ae150-e9ea-46ae-a92f-d14d3e9085c6,,,,
d7e76da6-6f11-4eaf-b1db-ebef690872a8,2351,70d1efc9-71e5-4588-a0a9-9aeaa7228e98,1703818524000,54,"
Good  loading temperatures. ",,,1703217679612,7e4ae150-e9ea-46ae-a92f-d14d3e9085c6,1703833238584,0fbacf80-7675-4545-a351-293a71a1e858,,,,
9512e344-b5ab-4243-8b0d-648852ca772b,2350,cb026489-8a0a-4aee-b97c-c66e103d10b5,1703238934000,60,,,,1702525106884,7e4ae150-e9ea-46ae-a92f-d14d3e9085c6,1703247404689,0fbacf80-7675-4545-a351-293a71a1e858,,,,
64b129f1-9c68-4ca1-a61b-be4eaeed11ec,2352,ca7ae06f-11e7-4dac-b451-b06f88abc181,1703905244000,30,Very  good  loading  temperatures. ,,,1703840796571,7e4ae150-e9ea-46ae-a92f-d14d3e9085c6,1704052063827,0fbacf80-7675-4545-a351-293a71a1e858,,,,
004cd175-e98b-47d5-a40b-b19d1825273b,2351,b757d9dd-4e6a-44c0-a193-97b420f88318,,,,,,1704271191006,84e272f0-db0c-4eef-a8d5-56fabaaa244c,1704271191006,84e272f0-db0c-4eef-a8d5-56fabaaa244c,,,,
6798bbbe-0ec8-4565-894d-96fdea48a083,2351,145f4c62-02c4-436b-b203-91eccefd355e,,,,,,1704271240087,029bf603-ac41-44a6-98ee-e488a8e38bca,1704271240087,029bf603-ac41-44a6-98ee-e488a8e38bca,,,,
8872c927-9be1-474c-91de-096330196af8,2412,89289c43-5fde-44e6-a5ce-8e864e578b5d,,,,,,1710501591710,a0463e4c-2adb-4488-aac3-66bcf22ff32d,1710501591710,a0463e4c-2adb-4488-aac3-66bcf22ff32d,,,,
0f5cf2af-8585-4179-a8d0-913fb1acc419,2352,be80ac9f-3e4f-48fd-9e1b-4365f252f58e,,,,,,1703760599129,d6cbdf10-0e28-4035-9ccf-109293804a9f,1703760599129,d6cbdf10-0e28-4035-9ccf-109293804a9f,,,,
7fc5af4c-f96e-4a30-9ce9-0b9f581eb032,2413,e8d4b8c1-e30d-45ae-9001-4ef8c1bfbfa9,1711507675000,43,,1711531857121,0fbacf80-7675-4545-a351-293a71a1e858,1711171289806,4b55a881-d8f1-43d1-9804-95c60e98da85,1711531857125,0fbacf80-7675-4545-a351-293a71a1e858,,,1711531857125,0fbacf80-7675-4545-a351-293a71a1e858
147b35a6-7b29-4181-8787-3879eb4b696f,2413,981f4e9e-e9e2-460a-ae15-ba4af4efa1ff,1711594131000,42,,,,1711345116264,4b55a881-d8f1-43d1-9804-95c60e98da85,1711619360278,0fbacf80-7675-4545-a351-293a71a1e858,,,,
6ed84cb3-69e2-4920-8982-207711c4a4fe,2414,e60fbecb-f0ad-463f-8536-8a1cd3569c19,,,,,,1711787976653,4b55a881-d8f1-43d1-9804-95c60e98da85,1711787976653,4b55a881-d8f1-43d1-9804-95c60e98da85,,,,
6ccb62a8-bcd3-46e4-b802-451746dc6f3f,2414,63271635-d538-4dc6-b508-38bb2d6a9a0a,,,,,,1711962122077,4b55a881-d8f1-43d1-9804-95c60e98da85,1711962122077,4b55a881-d8f1-43d1-9804-95c60e98da85,,,,
8688404d-e17f-47ec-8f26-79e030fb281c,2429,3970eda3-6b4d-455e-bc51-2229435ed88e,,,,,,1723041359303,a0463e4c-2adb-4488-aac3-66bcf22ff32d,1723041359303,a0463e4c-2adb-4488-aac3-66bcf22ff32d,,,,
4383da7b-35ce-4da2-bd21-6d0ff6157d4e,2441,76d691d4-9e8f-4ab4-9149-6e396c2792b0,,,,,,1728362956149,5c4b1967-d7d4-4d8e-9bc3-b1526170667d,1728362956149,5c4b1967-d7d4-4d8e-9bc3-b1526170667d,,,,
40d8bab1-6af3-44f3-b273-4372a8bfb611,2441,93c80ad2-e6c5-4267-9fda-5217c2f2b314,,,,,,1728393149271,4b55a881-d8f1-43d1-9804-95c60e98da85,1728393149271,4b55a881-d8f1-43d1-9804-95c60e98da85,,,,
ef759e81-d1b4-4cde-8033-1e4a30bf9129,2451,a012efc7-8209-4702-942f-17969d9964ab,1734857407000,35,"High loading  temperatures for all the  farms.
Vaccum cooled for 100mins,two cycles.
All flowers  have tracer.
",,,1734502877393,d6cbdf10-0e28-4035-9ccf-109293804a9f,1734880017209,0fbacf80-7675-4545-a351-293a71a1e858,,,,
1779ac59-beb6-4148-bd94-6851642c113f,2443,97e944cf-934d-46ee-ba8c-8abdc6164268,1729931400000,60,,,,1729674640769,d6cbdf10-0e28-4035-9ccf-109293804a9f,1730097991490,0fbacf80-7675-4545-a351-293a71a1e858,,,,
1f070163-e322-429f-96e5-bfb94ff00abc,2441,30bb77af-5f02-44e8-aedd-c592a5763b07,1728789619000,210,"There was no palletizing of boxes.
Loading took so long,3hrs 30mins.
The container carried 553 boxes.
5boxes from AAA growers not loaded. into the container and were shipped via air.
13 boxes from Isinya Roses were not loaded into the container and were shipped via air.",,,1728359810405,84e272f0-db0c-4eef-a8d5-56fabaaa244c,1728911899367,0fbacf80-7675-4545-a351-293a71a1e858,,,,
289ad7bb-e952-4dab-9eec-269a2a29f0b4,2442,30bb77af-5f02-44e8-aedd-c592a5763b07,,,,,,1728965458860,19eaeba3-5061-484b-a8bb-50e04d0b9d51,1728965458860,19eaeba3-5061-484b-a8bb-50e04d0b9d51,,,,
fc6889fa-9659-422a-b36f-fc2b233c6e23,2441,2da952c3-2f76-4a76-9bb5-094fc62810bc,,,,,,1728359267247,84e272f0-db0c-4eef-a8d5-56fabaaa244c,1729238665423,2a681f12-719e-48fc-b238-51528b9c260b,,,1729238665423,2a681f12-719e-48fc-b238-51528b9c260b
b41cd688-1977-4317-8a11-0ea7376d4fbf,2443,c0654635-d686-41c8-8844-fb5b8675a6f4,,,,,,1729518995098,4b55a881-d8f1-43d1-9804-95c60e98da85,1729518995098,4b55a881-d8f1-43d1-9804-95c60e98da85,,,,
fb40b5ae-70ad-4870-8db4-e98ae71c31f5,2443,34ebc178-893b-4e67-b5b0-84dd09c312cd,,,,,,1729581155758,4b55a881-d8f1-43d1-9804-95c60e98da85,1729581155758,4b55a881-d8f1-43d1-9804-95c60e98da85,,,,
41188bbd-2eb4-4df2-b26d-7980766ee404,2443,d7c49538-b2a2-41c5-bea1-ce729a4829c9,,,,,,1729584093794,7e4ae150-e9ea-46ae-a92f-d14d3e9085c6,1729584093794,7e4ae150-e9ea-46ae-a92f-d14d3e9085c6,,,,
a86edeb1-b94a-4bc4-9346-313f31ffb577,2443,9b3489d0-df9e-41ab-b779-a85b33395a12,,,,,,1729669674572,5c4b1967-d7d4-4d8e-9bc3-b1526170667d,1729669674572,5c4b1967-d7d4-4d8e-9bc3-b1526170667d,,,,
35329937-9bd7-4721-a509-36bbdfab5882,2445,d56055c6-88e0-4697-b3d3-29c1d2edccb3,,,,,,1730711376539,4b55a881-d8f1-43d1-9804-95c60e98da85,1730711376539,4b55a881-d8f1-43d1-9804-95c60e98da85,,,,
c32deb27-5503-4721-833d-dc176c1b6323,2445,90f3e204-67c4-4cfe-ba95-f575b9868734,,,,,,1731041308081,4b55a881-d8f1-43d1-9804-95c60e98da85,1731041308081,4b55a881-d8f1-43d1-9804-95c60e98da85,,,,
d6ad16b3-77f4-4c37-b857-eaff77edda99,2445,9019d3a4-2193-41ae-800b-baf07fde19da,,,,,,1731057277846,e993ecc1-f73d-4841-99c6-97aa32045932,1731057277846,e993ecc1-f73d-4841-99c6-97aa32045932,,,,
4a96c836-3443-4029-9cf0-b16d06830f24,2446,9019d3a4-2193-41ae-800b-baf07fde19da,,,,,,1731136238107,84e272f0-db0c-4eef-a8d5-56fabaaa244c,1731136238107,84e272f0-db0c-4eef-a8d5-56fabaaa244c,,,,
52046290-6bc7-49a6-b1d1-e05e21642ba8,2446,9c26447c-823d-4c90-8a5f-0062903c6dfb,,,,,,1731415184996,d6cbdf10-0e28-4035-9ccf-109293804a9f,1731415184996,d6cbdf10-0e28-4035-9ccf-109293804a9f,,,,
f37e3686-bda9-4f50-9c5d-9ec3066fe7e4,2451,201e9d99-737b-46b2-8fa2-c6940a505588,1734593728000,80,,,,1734357297965,a06c7ce9-d2f3-46e8-b1a2-8b57f436bfe5,1734847151323,0fbacf80-7675-4545-a351-293a71a1e858,,,,
ad9d44fd-5666-4a96-b643-41b8e1a0f60d,2447,a31f13bf-b639-486f-b0c2-84b08bfc68ad,,,,,,1731776546417,d6cbdf10-0e28-4035-9ccf-109293804a9f,1731776546417,d6cbdf10-0e28-4035-9ccf-109293804a9f,,,,
86fcf33a-a2ca-4eb3-be9d-593a98a25adf,2447,18ecfcc3-3c34-4ba7-acfa-f21f07db5b9d,,,,,,1732004018375,d6cbdf10-0e28-4035-9ccf-109293804a9f,1732004018375,d6cbdf10-0e28-4035-9ccf-109293804a9f,,,,
ebdb2b5f-cabf-4927-bb63-03b8e8b3d5ff,2447,1ce5036a-eb06-4436-aa7f-cef9cbe13dfd,,,,,,1732022499078,d6cbdf10-0e28-4035-9ccf-109293804a9f,1732022499078,d6cbdf10-0e28-4035-9ccf-109293804a9f,,,,
e3536045-cba4-45df-af56-fbb501461f2a,2448,c92c7477-b4c4-4432-bf16-bd3aa07ace7b,,,,,,1732344347145,d6cbdf10-0e28-4035-9ccf-109293804a9f,1732344347145,d6cbdf10-0e28-4035-9ccf-109293804a9f,,,,
e355db4c-4636-4c27-9fcd-727da4b8f1f1,2448,371f094a-79c1-4b6f-8671-c6a9c5ad7c54,,,,,,1732780139452,84e272f0-db0c-4eef-a8d5-56fabaaa244c,1732780139453,84e272f0-db0c-4eef-a8d5-56fabaaa244c,,,,
9cbc9235-1f68-4fe8-b419-b437f365da28,2449,b1d70007-9953-4549-a2a2-c03e9113653f,,,,,,1733147261157,d6cbdf10-0e28-4035-9ccf-109293804a9f,1733147261157,d6cbdf10-0e28-4035-9ccf-109293804a9f,,,,
0f72eece-f11a-41cb-abd2-b0f0ce66fd9c,2449,a595afd1-ef5e-4231-8c13-469a22149988,,,,,,1733395852130,4b55a881-d8f1-43d1-9804-95c60e98da85,1733395852130,4b55a881-d8f1-43d1-9804-95c60e98da85,,,,
0537d9a1-46c5-4f16-8b5b-258da5a82c85,2451,30526be9-5a39-4445-88b7-81644a135478,,,,,,1734589926156,d6cbdf10-0e28-4035-9ccf-109293804a9f,1734589926156,d6cbdf10-0e28-4035-9ccf-109293804a9f,,,,
fefb7047-6312-4985-abae-742bf5e776a9,2452,975d99ea-96ce-475a-bb7b-13fb9f0d1c7c,,,,,,1735197719387,4b55a881-d8f1-43d1-9804-95c60e98da85,1735197719387,4b55a881-d8f1-43d1-9804-95c60e98da85,,,,
7534e365-d362-4887-9187-e1b7e8e215b1,2451,46adbcc4-03aa-4c33-863a-25cfb665a0f7,1734921040000,40,"Flowers  well packed.
Very  good  loading temperatures. ",,,1734417666785,0fbacf80-7675-4545-a351-293a71a1e858,1734934309074,0fbacf80-7675-4545-a351-293a71a1e858,,,,
f503630a-5632-4b14-946a-8352e576523a,2452,a4d5ce46-b3b4-41dd-88d1-1e4db52d90a6,1735526412000,60,,,,1735198161282,4b55a881-d8f1-43d1-9804-95c60e98da85,1735565720957,0fbacf80-7675-4545-a351-293a71a1e858,,,,
1585eb6f-5a2e-4731-b34d-f0f935356bb4,2530,44cce763-c7d4-497c-b0ba-2f325ca76e63,,,,,,1753882611329,d6cbdf10-0e28-4035-9ccf-109293804a9f,1753882611329,d6cbdf10-0e28-4035-9ccf-109293804a9f,,,,
0f74dc6a-afdb-4425-a50d-b798e223aa8d,2452,2b12a342-4170-47f9-8c61-b023946806ce,1735629044000,28,"Flowers well packed,boxes looking  very  neat.",,,1735112985490,7e4ae150-e9ea-46ae-a92f-d14d3e9085c6,1735642464222,0fbacf80-7675-4545-a351-293a71a1e858,,,,
3461ee15-7962-44bd-bf65-00588d70fe80,2453,5137b985-2a89-41a0-8d9f-97cd56dfa706,1735697897000,45,,,,1735388599000,4b55a881-d8f1-43d1-9804-95c60e98da85,1735701674567,0fbacf80-7675-4545-a351-293a71a1e858,,,,
154ac6de-ea2f-43c8-9507-9eca75c92ac0,2531,1298c469-3f6a-4001-bea0-54675b22f0a8,,,,,,1754461157899,4b55a881-d8f1-43d1-9804-95c60e98da85,1754461157899,4b55a881-d8f1-43d1-9804-95c60e98da85,,,,
24abcef0-a5e2-41bf-8173-dca20ad090b9,2531,1559c183-bee8-446c-bc7b-4f8ff2d826ea,,,,,,1754461328922,4b55a881-d8f1-43d1-9804-95c60e98da85,1754461328922,4b55a881-d8f1-43d1-9804-95c60e98da85,,,,
913b6420-6323-412f-a2f2-4cb271e85612,2515,3ac3e36c-b335-4ab2-8814-f62aaae1bd08,,,,,,1744887573780,e993ecc1-f73d-4841-99c6-97aa32045932,1744887573780,e993ecc1-f73d-4841-99c6-97aa32045932,,,,
ce3a78ef-249e-4a5a-9d86-dd5ebf91c037,2516,3efce0e4-4501-4d95-b7a8-72aa58db4a1a,,,,,,1745344705134,4b55a881-d8f1-43d1-9804-95c60e98da85,1745344705134,4b55a881-d8f1-43d1-9804-95c60e98da85,,,,
0f474f73-fd79-4feb-8fae-ed060f136712,2517,e25e7d42-2f3a-4ebf-b822-d1c6ab818628,,,,,,1746086687892,4b55a881-d8f1-43d1-9804-95c60e98da85,1746086687892,4b55a881-d8f1-43d1-9804-95c60e98da85,,,,
a75983a8-63b5-4772-a69a-d7d8c60239b3,2518,2a6a2eb0-b19e-4308-916e-0e52fa862f1f,,,,,,1746678724640,4b55a881-d8f1-43d1-9804-95c60e98da85,1746678724640,4b55a881-d8f1-43d1-9804-95c60e98da85,,,,
f7d1ed7c-40f7-4b76-8e43-62a714f7c461,2452,aaaec173-bf1d-4115-a039-8d9d68d5aa04,1735611304000,42,"Generally all flowers well packed,looking good.
Some boxes from Kariki,Kisima and Rift Valley Roses had high  loading  temperatures ranging from 3.0 to 3.6.
Kariki had high arrival  temperatures. ",,,1735197120065,4b55a881-d8f1-43d1-9804-95c60e98da85,1735640120257,0fbacf80-7675-4545-a351-293a71a1e858,,,,
663ab13c-5d46-4817-a12b-7963f2069eb6,2453,61892d00-603d-44a3-9331-7344364bee98,,,,,,1735748573163,4b55a881-d8f1-43d1-9804-95c60e98da85,1735748573163,4b55a881-d8f1-43d1-9804-95c60e98da85,,,,
e957ec86-a88f-48dc-bd95-9b702b4728fd,2501,05db8578-42ce-4c5f-a326-b95d37670460,,,,,,1736002117244,7e4ae150-e9ea-46ae-a92f-d14d3e9085c6,1736002117244,7e4ae150-e9ea-46ae-a92f-d14d3e9085c6,,,,
8b8dd1b6-54c3-4fcf-94a1-7d15c879dda7,2501,bc5195fd-d35d-4579-bb0d-447c9e0060b5,,,,,,1736012445068,a06c7ce9-d2f3-46e8-b1a2-8b57f436bfe5,1736012445068,a06c7ce9-d2f3-46e8-b1a2-8b57f436bfe5,,,,
434d8c1f-0910-4db7-8b89-bc166df95724,2429,bc5195fd-d35d-4579-bb0d-447c9e0060b5,,,,,,1736186761961,a0463e4c-2adb-4488-aac3-66bcf22ff32d,1736186761961,a0463e4c-2adb-4488-aac3-66bcf22ff32d,,,,
0d7dbc32-c3b9-4e91-b9e0-ce3076ea8022,2501,4f944475-5a61-44a6-b1cf-a769218ad9ce,,,,,,1736235200976,a06c7ce9-d2f3-46e8-b1a2-8b57f436bfe5,1736235200976,a06c7ce9-d2f3-46e8-b1a2-8b57f436bfe5,,,,
d05648cd-9c39-4a58-9921-139ba626d69c,2502,63c85c83-e66b-488a-81df-db2e824f4b6c,,,,,,1737008454372,d6cbdf10-0e28-4035-9ccf-109293804a9f,1737008454372,d6cbdf10-0e28-4035-9ccf-109293804a9f,,,,
d2a8ef6c-3479-4c89-90ce-30c46bd2f544,2504,b75872da-3a61-4642-b9f2-3a3e9b778b6c,,,,,,1738143242666,d6cbdf10-0e28-4035-9ccf-109293804a9f,1738143242666,d6cbdf10-0e28-4035-9ccf-109293804a9f,,,,
bdd8a4ad-e3f5-4ed6-b64c-391361f054d8,2506,359baccb-87f4-49ab-8779-c161ef3d4a4d,,,,,,1739445050039,a06c7ce9-d2f3-46e8-b1a2-8b57f436bfe5,1739445050039,a06c7ce9-d2f3-46e8-b1a2-8b57f436bfe5,,,,
a7220105-6fb5-4fac-a32c-64354e311915,2507,210dd558-e6e4-447c-a69f-29513e0cfbc3,,,,,,1739870160593,4b55a881-d8f1-43d1-9804-95c60e98da85,1739870160593,4b55a881-d8f1-43d1-9804-95c60e98da85,,,,
e2789d4b-c06e-4bb6-a784-2e77b53ffaf7,2507,72aeda6a-1028-4e9e-8669-f8d7ecdd12a5,,,,,,1739880767832,4b55a881-d8f1-43d1-9804-95c60e98da85,1739880767832,4b55a881-d8f1-43d1-9804-95c60e98da85,,,,
1dc0088b-67a7-40a9-b685-6cf5212363a8,2510,9ca096e7-c834-49c2-aed4-2fad6e1c949a,,,,,,1741609064917,4b55a881-d8f1-43d1-9804-95c60e98da85,1741609064917,4b55a881-d8f1-43d1-9804-95c60e98da85,,,,
e78bf66f-6c0f-4107-b30b-c0b1583a9a88,2512,defbdcb6-ea84-466f-9410-5945dc2f4036,,,,,,1742885261308,4b55a881-d8f1-43d1-9804-95c60e98da85,1742885261308,4b55a881-d8f1-43d1-9804-95c60e98da85,,,,
5eea9a9c-f5e1-4126-92b6-ee79c803d256,2512,4d4e92ec-f4c5-4af0-a6f2-dcdb544673dc,,,,,,1742893665385,e993ecc1-f73d-4841-99c6-97aa32045932,1742893665385,e993ecc1-f73d-4841-99c6-97aa32045932,,,,
900d1d22-38ee-42a0-b95d-fb786d2d6848,2512,f8ecdd49-4105-44c1-9c5d-2e7a06afc621,,,,,,1743156815069,4b55a881-d8f1-43d1-9804-95c60e98da85,1743156815069,4b55a881-d8f1-43d1-9804-95c60e98da85,,,,
9b8edf55-a19e-4b13-8bc8-984127939397,2512,fa607370-ee4d-488e-a9a9-5d67a1501f64,,,,,,1743178124954,4b55a881-d8f1-43d1-9804-95c60e98da85,1743178124954,4b55a881-d8f1-43d1-9804-95c60e98da85,,,,
81fbab88-9199-4c0f-a301-4a6d25348143,2514,f2f96597-b425-404b-9282-404d39afea88,,,,,,1743950989505,a06c7ce9-d2f3-46e8-b1a2-8b57f436bfe5,1743950989505,a06c7ce9-d2f3-46e8-b1a2-8b57f436bfe5,,,,
dacdc33e-d7fb-429d-b7f8-10a6861f4549,2514,575a89a3-ba57-4b6a-8e29-75ba0bd8b10d,,,,,,1744104331033,4b55a881-d8f1-43d1-9804-95c60e98da85,1744104331033,4b55a881-d8f1-43d1-9804-95c60e98da85,,,,
656e88f3-3a07-4204-b3cd-1072876e2b8f,2520,45bff31a-f175-4b7c-bbd6-3a76bbb9890c,,,,,,1747046386828,a06c7ce9-d2f3-46e8-b1a2-8b57f436bfe5,1747046386828,a06c7ce9-d2f3-46e8-b1a2-8b57f436bfe5,,,,
e686661c-450c-4ba8-9a56-cad09132e885,2520,4ee5c495-07d0-4d11-85ca-9318919678fc,,,,,,1747805108425,4b55a881-d8f1-43d1-9804-95c60e98da85,1747805108425,4b55a881-d8f1-43d1-9804-95c60e98da85,,,,
d50c63ad-f1f3-4a96-9752-95383d42fb2f,2520,05bc0746-20a8-4b29-8f9b-4fb6f1f9e1d6,,,,,,1747895821988,4b55a881-d8f1-43d1-9804-95c60e98da85,1747895821988,4b55a881-d8f1-43d1-9804-95c60e98da85,,,,
55791686-bccc-4fc6-9ecd-c3216ea421bc,2512,cb495466-b7b6-4b86-b597-f8562fd5bb6e,1744084368000,49,,,,1743422179618,a06c7ce9-d2f3-46e8-b1a2-8b57f436bfe5,1744163786403,0fbacf80-7675-4545-a351-293a71a1e858,,,,
33b5f2f9-3fa2-4c36-80e7-2cca07139f60,2521,d497dc0b-1646-4c38-8911-1c6fb98b2ce9,,,,,,1748496508743,4b55a881-d8f1-43d1-9804-95c60e98da85,1748496508743,4b55a881-d8f1-43d1-9804-95c60e98da85,,,,
38ca8bdc-7437-4a4d-8c52-26b1f5ebb266,2522,95e855ab-aabd-4c91-974c-b23101f1a619,,,,,,1748939113207,d6cbdf10-0e28-4035-9ccf-109293804a9f,1748939113207,d6cbdf10-0e28-4035-9ccf-109293804a9f,,,,
3697dee4-dc73-4aa0-b1d4-192e021450e7,2513,6c4419e5-e514-421a-8a36-8b4219a23640,1744165825000,55,,,,1744029634874,a06c7ce9-d2f3-46e8-b1a2-8b57f436bfe5,1744170735855,0fbacf80-7675-4545-a351-293a71a1e858,,,,
8b017b0f-4394-4dee-8bf8-f1cea9d4d493,2522,56c2f68b-ae9c-426a-b5c1-108c3017935f,,,,,,1749104909100,a06c7ce9-d2f3-46e8-b1a2-8b57f436bfe5,1749104909100,a06c7ce9-d2f3-46e8-b1a2-8b57f436bfe5,,,,
8e175b7a-5326-498f-97ac-950f6edcded8,2523,8b6f8645-45f9-4062-b1fa-994332079923,,,,,,1749548867174,4b55a881-d8f1-43d1-9804-95c60e98da85,1749548867174,4b55a881-d8f1-43d1-9804-95c60e98da85,,,,
84517e2b-705d-459f-b635-3657348861c0,2513,4ed61a12-e207-4de6-85b0-95f23acd56cb,1744183806000,31,,,,1743528181878,d6cbdf10-0e28-4035-9ccf-109293804a9f,1744206689362,0fbacf80-7675-4545-a351-293a71a1e858,,,,
29f1207f-f674-4bb3-a836-085fc7bef5d9,2523,f48969d3-2c2e-4f0b-b5c7-c4d9c3e937dc,,,,,,1749549488465,4b55a881-d8f1-43d1-9804-95c60e98da85,1749549488465,4b55a881-d8f1-43d1-9804-95c60e98da85,,,,
f69f282e-2a5f-4357-8ed8-9dee2885027f,2523,80bdc178-e641-41cb-be31-3733a2981bb1,,,,,,1749563034904,d6cbdf10-0e28-4035-9ccf-109293804a9f,1749563034904,d6cbdf10-0e28-4035-9ccf-109293804a9f,,,,
42c8fbd1-26ed-4e9f-8c94-e5ef09599c2d,2524,f899ff4c-f0e1-4b45-953d-caf56bbe1994,,,,,,1750231103917,4b55a881-d8f1-43d1-9804-95c60e98da85,1750231103917,4b55a881-d8f1-43d1-9804-95c60e98da85,,,,
ce9c76ba-cc8c-4508-830b-4dcee345d76d,2524,efe23f3b-5a97-492d-885e-780dda7662cb,,,,,,1750405593319,a06c7ce9-d2f3-46e8-b1a2-8b57f436bfe5,1750405593319,a06c7ce9-d2f3-46e8-b1a2-8b57f436bfe5,,,,
5ee56f5f-4d8e-48c6-9826-510bd3c04bc7,2513,74058595-8729-4229-a7fa-83919c790e3c,1744230123000,50,,,,1744029651411,a06c7ce9-d2f3-46e8-b1a2-8b57f436bfe5,1744371583734,0fbacf80-7675-4545-a351-293a71a1e858,,,,
ccc31975-16cb-408c-a822-53e3032c69d1,2525,1dcf55b6-e42a-4faf-ad65-0fa32d40e615,,,,,,1751008096020,4b55a881-d8f1-43d1-9804-95c60e98da85,1751008096020,4b55a881-d8f1-43d1-9804-95c60e98da85,,,,
994038ea-c113-4dd3-876c-274dfdf5bcd8,2525,656b0e1c-6077-42a6-a0c5-de77048a4e44,,,,,,1751013941761,a06c7ce9-d2f3-46e8-b1a2-8b57f436bfe5,1751013941761,a06c7ce9-d2f3-46e8-b1a2-8b57f436bfe5,,,,
1a976410-1cb7-4522-87b8-80e4c6b83278,2526,8c2dbcda-1d98-4b8a-a77d-f422ecf629ce,,,,,,1751460549540,a06c7ce9-d2f3-46e8-b1a2-8b57f436bfe5,1751460549540,a06c7ce9-d2f3-46e8-b1a2-8b57f436bfe5,,,,
b627aca2-c72a-4daa-8508-1082764b7f92,2526,77456a44-bdd2-4a82-8984-e4c33f17df4e,,,,,,1751623413492,4b55a881-d8f1-43d1-9804-95c60e98da85,1751623413492,4b55a881-d8f1-43d1-9804-95c60e98da85,,,,
cfff9313-7509-4d49-b860-226d0504bde0,2527,7c8131e7-f28b-4ddf-8b51-5c481a90d541,,,,,,1751976260435,d6cbdf10-0e28-4035-9ccf-109293804a9f,1751976260435,d6cbdf10-0e28-4035-9ccf-109293804a9f,,,,
046aa059-7b8e-4121-bd23-fdc2e805ccf8,2527,70cef899-570b-472a-9173-41fc809b64b5,,,,,,1751976698043,5c4b1967-d7d4-4d8e-9bc3-b1526170667d,1751976698043,5c4b1967-d7d4-4d8e-9bc3-b1526170667d,,,,
c99a3cbe-ea29-4def-b0bd-45d1ce14cefe,2527,0eb99ba6-685d-4d92-b229-2463269bb5c0,,,,,,1752154623569,d6cbdf10-0e28-4035-9ccf-109293804a9f,1752154623569,d6cbdf10-0e28-4035-9ccf-109293804a9f,,,,
f29ea305-3ac5-4d39-8baf-1713ce20f3e7,2527,5b9f9c2c-6c45-42c5-bd6d-5b5810fef66f,,,,,,1752590972881,4b55a881-d8f1-43d1-9804-95c60e98da85,1752590972881,4b55a881-d8f1-43d1-9804-95c60e98da85,,,,
e4ca7568-cade-453f-b943-14b1b2206791,2528,3b470eb9-2712-4c43-90b0-f83d6a592fff,,,,,,1752729521677,4b55a881-d8f1-43d1-9804-95c60e98da85,1752729521677,4b55a881-d8f1-43d1-9804-95c60e98da85,,,,
c6df3d6b-16ee-4391-bdec-1df6c6164b37,2528,b4592969-ab5e-4080-ae49-6bfb3ee4c21f,,,,,,1752729578739,4b55a881-d8f1-43d1-9804-95c60e98da85,1752729578739,4b55a881-d8f1-43d1-9804-95c60e98da85,,,,
cd12a82f-f0ee-4f39-a9f4-15d694abfe77,2528,8858ceee-f013-4b13-8e24-68f980c2e53b,,,,,,1752730287137,a06c7ce9-d2f3-46e8-b1a2-8b57f436bfe5,1752730287137,a06c7ce9-d2f3-46e8-b1a2-8b57f436bfe5,,,,
1ee40cc7-488c-4e4f-9861-21849d2cc414,2529,e93e16ce-2d01-4df7-a245-1c9c1b5cdd86,,,,,,1753258910737,a354b22d-f080-474c-b5a3-bb489c5bc46f,1753258910737,a354b22d-f080-474c-b5a3-bb489c5bc46f,,,,
ca4125cc-1163-44f1-b1ae-481d3d816a79,2529,961c37f2-7513-45c0-95c0-e0af1426e3cf,,,,,,1753281109942,4b55a881-d8f1-43d1-9804-95c60e98da85,1753281109942,4b55a881-d8f1-43d1-9804-95c60e98da85,,,,
7a1765c6-8853-4b49-9502-2ced1877db77,2529,5ff22bcc-5f3f-4b6b-999b-8dc130937997,,,,,,1753304920045,a06c7ce9-d2f3-46e8-b1a2-8b57f436bfe5,1753304920045,a06c7ce9-d2f3-46e8-b1a2-8b57f436bfe5,,,,
52671a51-de6d-444f-b540-abece4e99484,2530,b3e01d53-0cc6-4348-b68d-cac23d8c1884,,,,,,1753783248778,a354b22d-f080-474c-b5a3-bb489c5bc46f,1753783248778,a354b22d-f080-474c-b5a3-bb489c5bc46f,,,,
bb506ab9-35ab-4644-9a92-2d065f328fcb,2530,c914beaa-aa38-4739-861f-afa19710c94c,,,,,,1753856640368,4b55a881-d8f1-43d1-9804-95c60e98da85,1753856640368,4b55a881-d8f1-43d1-9804-95c60e98da85,,,,
6e702313-ca87-49aa-a1d9-76bcef916657,2532,9abfb228-f8fd-4066-acc2-3d32dd933cad,,,,,,1754982413828,a354b22d-f080-474c-b5a3-bb489c5bc46f,1754982413828,a354b22d-f080-474c-b5a3-bb489c5bc46f,,,,
6b03bf44-495c-44dd-ae8d-3f05d17bdec3,2532,e30faf7a-77e7-4c9d-b4cd-92573300355e,,,,,,1754983210437,4b55a881-d8f1-43d1-9804-95c60e98da85,1754983210437,4b55a881-d8f1-43d1-9804-95c60e98da85,,,,
7277b074-c32a-47d3-bc53-f73de88f87d6,2548,d3a65a29-d1ae-4caa-8d5c-b7a81a8b96e8,1764990360000,41,"Very good loading temperatures.
Very neat packing except for Branan farm where we had a few boxes not looking neat.
",,,1764600381483,d6cbdf10-0e28-4035-9ccf-109293804a9f,1765168658251,0fbacf80-7675-4545-a351-293a71a1e858,,,,
b0e895aa-80e8-4905-ac2f-4ccc94b74513,2549,5dcc879a-556b-4e37-ba9c-a4aca1356156,,,,,,1765222654135,7e4ae150-e9ea-46ae-a92f-d14d3e9085c6,1765222654135,7e4ae150-e9ea-46ae-a92f-d14d3e9085c6,,,,
60c4323e-640a-45d5-8eeb-cd11d1118bb3,2549,39586722-7995-49b4-8da9-c141668ee084,,,,,,1765269538992,d6cbdf10-0e28-4035-9ccf-109293804a9f,1765269538992,d6cbdf10-0e28-4035-9ccf-109293804a9f,,,,
fbb9e1f6-e74c-45fe-b314-bd5c58b5d04f,2532,bc7aaa89-57f0-4021-b3f1-4f5afaf826ce,1755326103000,180,"Loading took too long ,3hrs.The temperatures likely rose during loading due to abscence of a proper docking area and a cool environment.
39 boxes from AAA Growers were not loaded.
Most boxes are not standard sea freight boxes so very difficult to skid hence alot of difficuties in loading as well.

",,,1754989254690,5c4b1967-d7d4-4d8e-9bc3-b1526170667d,1755501616733,0fbacf80-7675-4545-a351-293a71a1e858,,,,
bfaac157-dc5b-40bb-8487-c1622af72def,2533,afc35a1e-d147-4037-8767-3ac11d18dcd9,,,,,,1755629439031,6a119418-4cdf-46fb-a81e-9e676aa4fe0b,1755629439031,6a119418-4cdf-46fb-a81e-9e676aa4fe0b,,,,
3b411a7f-5a79-4cf7-9ff4-798cc95d79b5,2533,88396e84-9dd3-4970-99e2-ebaf1cff1d7e,,,,,,1755757803964,4b55a881-d8f1-43d1-9804-95c60e98da85,1755757803964,4b55a881-d8f1-43d1-9804-95c60e98da85,,,,
95681de1-12ca-41ac-b761-d2cc1678d94e,2534,84ce307a-27e4-4f0c-ad58-bc4194c3f867,,,,,,1756111358937,e993ecc1-f73d-4841-99c6-97aa32045932,1756111358937,e993ecc1-f73d-4841-99c6-97aa32045932,,,,
5451fafb-a0fc-49b4-91e8-ead7689f83a8,2534,6e5c6dd5-e227-4ef3-90b5-4b1b05010b7b,,,,,,1756279890274,6a119418-4cdf-46fb-a81e-9e676aa4fe0b,1756279890274,6a119418-4cdf-46fb-a81e-9e676aa4fe0b,,,,
677275cb-b7af-4495-bcf6-f07e1b7d18b8,2535,761e3f35-cf43-4b78-be09-2a8428ffa921,,,,,,1756716032954,d6cbdf10-0e28-4035-9ccf-109293804a9f,1756716032954,d6cbdf10-0e28-4035-9ccf-109293804a9f,,,,
f26c61f5-f0a1-43d9-9f81-96772364abdc,2536,95fc6d12-18ac-4272-a8fc-dd5b2f78810f,,,,,,1757399576390,d6cbdf10-0e28-4035-9ccf-109293804a9f,1757399576390,d6cbdf10-0e28-4035-9ccf-109293804a9f,,,,
d9d33c79-a627-47fa-b7e6-da98905495e4,2537,3c88c657-0ae1-4eb9-85a9-049d5caa5317,,,,,,1758009953953,d6cbdf10-0e28-4035-9ccf-109293804a9f,1758009953953,d6cbdf10-0e28-4035-9ccf-109293804a9f,,,,
9b264f8f-4489-46f2-84f6-84ff7ee734be,2538,6328b4f4-7ed5-4617-a6b2-09a81f22f823,,,,,,1758612324108,d6cbdf10-0e28-4035-9ccf-109293804a9f,1758612324108,d6cbdf10-0e28-4035-9ccf-109293804a9f,,,,
904d0bf8-f084-4c63-8a2a-4689e2778399,2538,50228ca4-ea50-4b40-8881-2bc8f6451fba,,,,,,1758612388229,d6cbdf10-0e28-4035-9ccf-109293804a9f,1758612388229,d6cbdf10-0e28-4035-9ccf-109293804a9f,,,,
75e69b6b-733c-41ad-ba67-b796bcf1eac2,2539,1f297692-79c5-469d-9f60-a13e108289d5,,,,,,1759147183014,d6cbdf10-0e28-4035-9ccf-109293804a9f,1759147183014,d6cbdf10-0e28-4035-9ccf-109293804a9f,,,,
d0c7f4f6-032b-4b44-a9a7-30937831a0f9,2539,2c8317e4-e98f-4f0e-a485-45332ac42565,,,,,,1759147208857,d6cbdf10-0e28-4035-9ccf-109293804a9f,1759147208857,d6cbdf10-0e28-4035-9ccf-109293804a9f,,,,
2a081a71-5458-49fe-9ccc-041b9e28df2f,2540,3d5a8d5e-1681-43e7-a1a6-e27c59162c3e,,,,,,1759736116781,d6cbdf10-0e28-4035-9ccf-109293804a9f,1759736116781,d6cbdf10-0e28-4035-9ccf-109293804a9f,,,,
8e79b1d8-fc5d-4a4a-8501-4f203a66675c,2540,d7b01d9b-cf7c-4d6d-9fd3-39fc08510e51,,,,,,1759736153515,d6cbdf10-0e28-4035-9ccf-109293804a9f,1759736153515,d6cbdf10-0e28-4035-9ccf-109293804a9f,,,,
75c228b2-8278-4891-8fdc-8a94bbc3d84e,2549,f1aaf840-9704-4435-9493-08fb8b7cab3b,,,,,,1765620656243,84e272f0-db0c-4eef-a8d5-56fabaaa244c,1765620656243,84e272f0-db0c-4eef-a8d5-56fabaaa244c,,,,
70c2dff6-2569-4d46-811f-7a78d9035685,2541,7c961a98-8b6a-416b-9ec3-a02e2cdb3f9b,,,,,,1760451406637,4b55a881-d8f1-43d1-9804-95c60e98da85,1760451406637,4b55a881-d8f1-43d1-9804-95c60e98da85,,,,
3c55fa2d-eee0-495e-a73c-a632291c0024,2541,eea3382f-d5fa-4009-8579-d690c424b4ee,,,,,,1760451460960,4b55a881-d8f1-43d1-9804-95c60e98da85,1760451460960,4b55a881-d8f1-43d1-9804-95c60e98da85,,,,
8454dd99-27a3-4a03-8d79-9cced5468c77,2542,8d17c3a2-f870-4f65-ba64-305a4a1b0711,,,,,,1761107924072,4b55a881-d8f1-43d1-9804-95c60e98da85,1761107924072,4b55a881-d8f1-43d1-9804-95c60e98da85,,,,
a3102986-133b-4a2a-80f9-06f39fbfc9e2,2542,cdedd0d1-19a4-40a4-9684-01eb879d67c8,,,,,,1761108035842,4b55a881-d8f1-43d1-9804-95c60e98da85,1761108035842,4b55a881-d8f1-43d1-9804-95c60e98da85,,,,
0d5aeed9-5b35-443d-9d8b-bdac9bc5bb2d,2543,445dc7f7-936f-425f-b988-a96cc82c7744,,,,,,1761808798458,4b55a881-d8f1-43d1-9804-95c60e98da85,1761808798458,4b55a881-d8f1-43d1-9804-95c60e98da85,,,,
00faec95-39c3-401e-b27a-1df2cda64ede,2544,828f9389-6751-4d8b-8df6-3135be5de7f3,,,,,,1762269763686,a06c7ce9-d2f3-46e8-b1a2-8b57f436bfe5,1762269763686,a06c7ce9-d2f3-46e8-b1a2-8b57f436bfe5,,,,
9882afd0-cc11-4f09-959c-2e60e22c6bef,2544,f8109bfb-7d5e-485a-b20e-85292a17fc90,,,,,,1762323786389,4b55a881-d8f1-43d1-9804-95c60e98da85,1762323786389,4b55a881-d8f1-43d1-9804-95c60e98da85,,,,
b194386c-940f-4786-add8-cd2a2c94f24e,2545,98f5dc0f-9920-481e-a727-70686a69cc29,,,,,,1762931969622,4b55a881-d8f1-43d1-9804-95c60e98da85,1762931969622,4b55a881-d8f1-43d1-9804-95c60e98da85,,,,
61a1eade-3324-4aad-b7c8-f86db321df6c,2545,d3474b9d-065f-42eb-9b8e-bf1a0e891264,,,,,,1762980607776,a06c7ce9-d2f3-46e8-b1a2-8b57f436bfe5,1762980607776,a06c7ce9-d2f3-46e8-b1a2-8b57f436bfe5,,,,
eb491c7e-9580-4a00-8257-1cfbe6ef3610,2545,4856b0cf-2759-48bc-bbec-a3c4c57979c1,,,,,,1763469549519,6a119418-4cdf-46fb-a81e-9e676aa4fe0b,1763469549519,6a119418-4cdf-46fb-a81e-9e676aa4fe0b,,,,
d9baa9f3-a1cf-4e50-9f50-c46af2de0a45,2546,e7ed776d-15fc-471d-961a-7f4209ed8178,,,,,,1763559466764,4b55a881-d8f1-43d1-9804-95c60e98da85,1763559466764,4b55a881-d8f1-43d1-9804-95c60e98da85,,,,
2b449008-5ffd-42a0-be2b-b1a1d8ea821a,2546,78411490-d861-447a-a10e-3a36ab6e027b,,,,,,1763714497480,a06c7ce9-d2f3-46e8-b1a2-8b57f436bfe5,1763714497480,a06c7ce9-d2f3-46e8-b1a2-8b57f436bfe5,,,,
7f9bdafc-f3f3-4cfb-a801-755e275186ef,2547,9463938a-a70d-4ec8-ab48-a1f6ff114a2f,,,,,,1764074258081,a06c7ce9-d2f3-46e8-b1a2-8b57f436bfe5,1764074258081,a06c7ce9-d2f3-46e8-b1a2-8b57f436bfe5,,,,
addf367f-0d27-4a2e-9a7c-14c76322f596,2547,7bd1ae33-e4cb-4b8a-8e6f-279065acc4ed,,,,,,1764074497826,a06c7ce9-d2f3-46e8-b1a2-8b57f436bfe5,1764074497826,a06c7ce9-d2f3-46e8-b1a2-8b57f436bfe5,,,,
7cb48531-26cd-4f44-a06e-af0f2258ab26,2547,f6e77824-865d-4b40-b9da-2fdede8ac34f,,,,,,1764090898200,6a119418-4cdf-46fb-a81e-9e676aa4fe0b,1764090898201,6a119418-4cdf-46fb-a81e-9e676aa4fe0b,,,,
390d8fb9-3e89-44cf-ac25-cd77eb3bc6c2,2547,0d5f34f2-0188-47f4-997f-ab0c14f31789,,,,,,1764144103209,4b55a881-d8f1-43d1-9804-95c60e98da85,1764144103209,4b55a881-d8f1-43d1-9804-95c60e98da85,,,,
a9c91ea4-e7fe-4bb9-ad7f-5444e90fbcb2,2549,5a4b89a6-0c04-47d4-aefb-1b5b9ba85417,,,,,,1765269727404,d6cbdf10-0e28-4035-9ccf-109293804a9f,1765269727404,d6cbdf10-0e28-4035-9ccf-109293804a9f,,,,
1ed7ab37-2db7-41a1-9531-b1b79c4196b9,2547,6967b66f-6317-49ea-bca1-68ddf1517406,1764385848000,30,"All boxes were neatly packed.
Very good loading temperatures.",,,1764060788618,d6cbdf10-0e28-4035-9ccf-109293804a9f,1764566424009,0fbacf80-7675-4545-a351-293a71a1e858,,,,
8b48f1de-30da-4544-8843-5bce541b1c60,2548,c9ea6056-054f-45d7-a088-005818107773,,,,,,1764692169941,d6cbdf10-0e28-4035-9ccf-109293804a9f,1764692169941,d6cbdf10-0e28-4035-9ccf-109293804a9f,,,,
0b704a92-503f-447a-a948-337195de6d5e,2548,2b69f505-6515-47fc-b9a9-51ca418fc539,,,,,,1764692195512,d6cbdf10-0e28-4035-9ccf-109293804a9f,1764692195512,d6cbdf10-0e28-4035-9ccf-109293804a9f,,,,
9a89cda9-3185-4be5-a73a-065833189d5c,2548,128a6a42-a318-43b5-93a7-65c601bff4f7,,,,,,1764692223006,d6cbdf10-0e28-4035-9ccf-109293804a9f,1764692223006,d6cbdf10-0e28-4035-9ccf-109293804a9f,,,,
84462be9-6de8-4b4c-a73f-38a47812ecf8,2548,8905c990-f2ea-45c3-9ac0-fad4b1de3202,,,,,,1764692286549,d6cbdf10-0e28-4035-9ccf-109293804a9f,1764692286549,d6cbdf10-0e28-4035-9ccf-109293804a9f,,,,
52125217-23b4-4a5f-97da-8681d02496eb,2549,ed11a7a9-fa67-4943-84a5-024671be01a3,,,,,,1765349216231,d6cbdf10-0e28-4035-9ccf-109293804a9f,1765349216231,d6cbdf10-0e28-4035-9ccf-109293804a9f,,,,
2035ebb7-a8c6-405e-8356-6c42c447efe8,2549,7a42c805-0740-4572-8b73-d8c387490ada,,,,,,1765349259757,d6cbdf10-0e28-4035-9ccf-109293804a9f,1765349259757,d6cbdf10-0e28-4035-9ccf-109293804a9f,,,,
57f7b3dc-d125-4630-8cbf-90a336d36af3,2550,394d318e-9711-4918-b770-dde7c6a0b889,,,,,,1765974131077,6a119418-4cdf-46fb-a81e-9e676aa4fe0b,1765974131077,6a119418-4cdf-46fb-a81e-9e676aa4fe0b,,,,
2de29f3a-244b-4030-b0d2-f790a61da7d4,2550,4482e19d-d7e4-4899-9657-03db91656b31,,,,,,1765867294226,d6cbdf10-0e28-4035-9ccf-109293804a9f,1765867294226,d6cbdf10-0e28-4035-9ccf-109293804a9f,,,,
6264dffd-4890-4a46-93d4-e425dc1e861f,2550,2f4b5739-4241-4591-bb78-2474e7bdf517,,,,,,1765867312647,d6cbdf10-0e28-4035-9ccf-109293804a9f,1765867312647,d6cbdf10-0e28-4035-9ccf-109293804a9f,,,,
a542fba1-e1c4-40d8-a152-3146a4e4e041,2550,f1aaf840-9704-4435-9493-08fb8b7cab3b,1765596600000,27,,,,1765731829560,e993ecc1-f73d-4841-99c6-97aa32045932,1767071388607,0fbacf80-7675-4545-a351-293a71a1e858,,,,
52e3108f-621f-40ce-8fb8-80c4dcaca84b,2550,31528e9b-aa61-479c-9f9f-9645ec26a9ac,,,,,,1766149445616,d6cbdf10-0e28-4035-9ccf-109293804a9f,1766149445616,d6cbdf10-0e28-4035-9ccf-109293804a9f,,,,
e6bb0969-9cb9-4332-9b3f-700df18d398e,2550,9f47f74f-461f-4f44-8350-dd5846beef15,1765592416000,27,"Very good loading  temperatures. 
Boxes well packed ,looking very neat with well tucked freshliners.",,,1765614848492,d6cbdf10-0e28-4035-9ccf-109293804a9f,1766985131049,0fbacf80-7675-4545-a351-293a71a1e858,,,,
6999eb7c-2f0a-4d52-bf99-7ebdd0bbfdc9,2606,e37ad041-a271-4624-88d2-25d41f185c42,,,,,,1770296769062,4b55a881-d8f1-43d1-9804-95c60e98da85,1770296769062,4b55a881-d8f1-43d1-9804-95c60e98da85,,,,
a95f30d1-4a77-47b2-8d4d-90204d6fc2fe,2606,01c154ef-52cd-46e9-9dd6-fe6bff94ad83,,,,,,1770777563505,84e272f0-db0c-4eef-a8d5-56fabaaa244c,1770777563505,84e272f0-db0c-4eef-a8d5-56fabaaa244c,,,,
c955e7a1-5ba3-4dae-8be3-3a97ced258bd,2607,3a7e18a6-7b23-46c4-9411-0aa7f299a71d,,,,,,1771138226067,a06c7ce9-d2f3-46e8-b1a2-8b57f436bfe5,1771138226067,a06c7ce9-d2f3-46e8-b1a2-8b57f436bfe5,,,,
c892ebcd-587a-4b40-8b62-317b38395838,2607,f49c18e1-808f-417e-a52d-9ea3ccad4acc,,,,,,1771322877078,4b55a881-d8f1-43d1-9804-95c60e98da85,1771322877078,4b55a881-d8f1-43d1-9804-95c60e98da85,,,,
527b2a73-0085-42f7-ae1b-090256b96f45,2551,2a2c191b-969c-4153-8c7c-f201d9d5a5a7,1766889044000,22,"Overally, the loading temperatures were very good, and all boxes were well packed, looking neat and freshliners well tucked in.",,,1766229271041,5c4b1967-d7d4-4d8e-9bc3-b1526170667d,1767071153867,0fbacf80-7675-4545-a351-293a71a1e858,,,,
3ee2e219-14c8-447f-a79e-a7af0ff200d9,2552,d06a1015-079e-448f-8b28-d0f109a56014,,,,,,1767078405240,4b55a881-d8f1-43d1-9804-95c60e98da85,1767078405240,4b55a881-d8f1-43d1-9804-95c60e98da85,,,,
b0fb7292-a7a1-4fb7-87e2-c1f1fd70c161,2552,03347ada-830b-4ff8-b043-9060234492b7,,,,,,1767078435410,4b55a881-d8f1-43d1-9804-95c60e98da85,1767078435410,4b55a881-d8f1-43d1-9804-95c60e98da85,,,,
13c7f56d-e90c-4b0d-90cf-ea6045c1b062,2608,7bf3b879-be27-4102-afdc-cf69cdd60038,,,,,,1772089418777,4b55a881-d8f1-43d1-9804-95c60e98da85,1772089418777,4b55a881-d8f1-43d1-9804-95c60e98da85,,,,
7194195a-ed95-4083-a173-ed96812e0b64,2552,f193edb6-e0a9-46f0-9201-af3157406c3d,1767405780000,27,,,,1767006743000,d6cbdf10-0e28-4035-9ccf-109293804a9f,1767411356000,0fbacf80-7675-4545-a351-293a71a1e858,,,,
ece7d604-c5c6-43a7-b2c1-2104c1f36aba,2552,ddff87ae-72de-4264-b6e6-50808e9a82d8,1767410296000,30,,,,1767006758251,d6cbdf10-0e28-4035-9ccf-109293804a9f,1767416679056,0fbacf80-7675-4545-a351-293a71a1e858,,,,
ce58768f-f832-4c9e-8649-dcdc52c58bd5,2611,987d49d6-3dc2-4ae2-8724-d673918aedb1,,,,,,1773749539540,4b55a881-d8f1-43d1-9804-95c60e98da85,1773749539540,4b55a881-d8f1-43d1-9804-95c60e98da85,,,,
00b98781-b769-411e-86c5-83c68dc0fac2,2552,d55a8e13-2896-4573-930a-1d96ea1880d3,1767495109000,38,,,,1767161247333,a06c7ce9-d2f3-46e8-b1a2-8b57f436bfe5,1767497398091,0fbacf80-7675-4545-a351-293a71a1e858,,,,
cfa202b5-35ef-42f3-b01d-4f61ac9e1cd0,2602,ea93f3ec-ced4-42a5-950a-91ec5e42a393,1768022865000,60,"Lauren boxes bulging,should check their packing.",,,1767616065621,d6cbdf10-0e28-4035-9ccf-109293804a9f,1768030401006,0fbacf80-7675-4545-a351-293a71a1e858,,,,
af5debf8-8b00-4e94-8abd-291dae5bb821,2551,501c83cb-5bfd-4b61-acf5-7d3f8e4b98c0,,,,,,1766399432267,e993ecc1-f73d-4841-99c6-97aa32045932,1766399432267,e993ecc1-f73d-4841-99c6-97aa32045932,,,,
23461688-2ab9-4815-9ba7-28d772dd9085,2551,e47df9d9-0114-4d6e-b4f7-412a259bea64,,,,,,1766402213751,d6cbdf10-0e28-4035-9ccf-109293804a9f,1766402213751,d6cbdf10-0e28-4035-9ccf-109293804a9f,,,,
b897979f-c3d3-4e02-8ada-09304eb8c5c6,2602,3ec86c1a-afef-410b-b129-bc7404b0add4,,,,,,1767684506378,4b55a881-d8f1-43d1-9804-95c60e98da85,1767684506378,4b55a881-d8f1-43d1-9804-95c60e98da85,,,,
c1f11f04-3fcd-4282-895b-5b5abe5fba00,2602,9a6c29fc-2ec6-4726-bc99-2bfe0dc04ce2,,,,,,1767684553966,4b55a881-d8f1-43d1-9804-95c60e98da85,1767684553966,4b55a881-d8f1-43d1-9804-95c60e98da85,,,,
61f55aa4-f1ed-4221-95d3-7c21acc692cd,2551,31528e9b-aa61-479c-9f9f-9645ec26a9ac,1766801722000,32,,,,1766371025697,7e4ae150-e9ea-46ae-a92f-d14d3e9085c6,1766851378549,0fbacf80-7675-4545-a351-293a71a1e858,,,,
55edddfc-ea86-42ac-a0e8-a68fd997cbdd,2602,e1c8a957-f70b-4ca1-8146-0d5801736ae1,,,,,,1767866935159,84e272f0-db0c-4eef-a8d5-56fabaaa244c,1767866935159,84e272f0-db0c-4eef-a8d5-56fabaaa244c,,,,
b65cfbd1-ece3-4983-a812-e5c9f1acbdfa,2603,73f0224f-59c9-432f-85ca-424d521350f9,,,,,,1768297355032,4b55a881-d8f1-43d1-9804-95c60e98da85,1768297355032,4b55a881-d8f1-43d1-9804-95c60e98da85,,,,
86999314-5719-4d0a-a960-b533b170a505,2602,c2336d9c-ea08-429e-8597-95080078a325,1768010625000,27,,,,1767608278090,2a681f12-719e-48fc-b238-51528b9c260b,1768012261221,0fbacf80-7675-4545-a351-293a71a1e858,,,,
4b86fd54-b460-4528-9e64-8c375af61573,2551,5e463531-cfee-4a7a-83e4-d8f510c9c646,1766806236000,30,,,,1766399283344,e993ecc1-f73d-4841-99c6-97aa32045932,1766851502727,0fbacf80-7675-4545-a351-293a71a1e858,,,,
fa4e7807-eed6-4b1f-a95d-b359cbc9125a,2603,c19d49e3-091e-4958-a2c8-a384a3d8b69d,,,,,,1768297399493,4b55a881-d8f1-43d1-9804-95c60e98da85,1768297399493,4b55a881-d8f1-43d1-9804-95c60e98da85,,,,
34baea25-63c3-47d3-af47-3a8756ee1e8b,2603,61eba5fb-d4e3-4554-a9e1-69f277f2dc76,,,,,,1768297415648,4b55a881-d8f1-43d1-9804-95c60e98da85,1768297415648,4b55a881-d8f1-43d1-9804-95c60e98da85,,,,
bef7dc33-3278-42f7-a9b3-47aafc68f938,2551,341c5b2f-e1a9-4aa8-aceb-d53ab787f7f5,1766892212000,35,,,,1766572271642,a06c7ce9-d2f3-46e8-b1a2-8b57f436bfe5,1766895599606,0fbacf80-7675-4545-a351-293a71a1e858,,,,
5c0857d8-c76e-435e-b111-94a649a0eb59,2602,bb6a6a88-f355-4813-9df6-9e01ff39c378,1768014045000,31,,,,1767608176300,2a681f12-719e-48fc-b238-51528b9c260b,1768019038742,0fbacf80-7675-4545-a351-293a71a1e858,,,,
01807f2c-1821-4524-9087-0224aecb6962,2603,aadc7587-faf8-4f30-8956-7ebe8e37195f,,,,,,1768297452629,4b55a881-d8f1-43d1-9804-95c60e98da85,1768297452629,4b55a881-d8f1-43d1-9804-95c60e98da85,,,,
949e7e5d-f454-4cc5-b6d6-370078740052,2603,c65b5215-9212-4212-a25b-e0f341e38659,,,,,,1768405024014,f8b7ff8e-4b79-4e0b-8e7c-bea445110116,1768405024014,f8b7ff8e-4b79-4e0b-8e7c-bea445110116,,,,
c46f80d0-b221-4299-a4d6-40e2847b0a15,2603,e37509f1-338f-4b60-af2f-7faa76e6204e,,,,,,1768578754737,f8b7ff8e-4b79-4e0b-8e7c-bea445110116,1768578754738,f8b7ff8e-4b79-4e0b-8e7c-bea445110116,,,,
76d3f260-d533-4fde-9a80-8e14f403a725,2611,f62336a3-dfdc-454b-af8f-97a779a2810c,1773381650000,42,"Very high arrival temperatures.
Very high loading temperatures.
Some boxes not well packed,visible flowers and freshliners not well tucked in.",,,1773296549991,4b55a881-d8f1-43d1-9804-95c60e98da85,1773395988297,0fbacf80-7675-4545-a351-293a71a1e858,,,,
05a3dacd-8ad1-45f0-9cca-829ed8c0cb5e,2612,e69c44b7-2b68-4c2b-bb70-d4e91956b87c,1773973817000,73,Very good loading temperatures.,,,1773772631077,a06c7ce9-d2f3-46e8-b1a2-8b57f436bfe5,1774263305490,0fbacf80-7675-4545-a351-293a71a1e858,,,,
7e88b794-db29-4e07-94e5-84de57148998,2603,b241e3b8-379d-4914-95c4-f27b868f5a45,1768618357000,23,,,,1768404967165,f8b7ff8e-4b79-4e0b-8e7c-bea445110116,1768621691399,0fbacf80-7675-4545-a351-293a71a1e858,,,,
ba94d7ed-8fdd-4984-8c6b-09916f1d80ab,2604,fe8eba0d-90c8-4c4a-8163-7db70f19195d,,,,,,1768979129765,4b55a881-d8f1-43d1-9804-95c60e98da85,1768979129765,4b55a881-d8f1-43d1-9804-95c60e98da85,,,,
cd8236f1-ca1b-455e-a1fb-231b8e661dce,2604,c7244b23-4c03-44b4-902e-7602c1d8035d,,,,,,1768979150093,4b55a881-d8f1-43d1-9804-95c60e98da85,1768979150093,4b55a881-d8f1-43d1-9804-95c60e98da85,,,,
5dd1984c-a871-48c3-801e-7b2ab3b160e2,2604,f9a5b2c5-1607-4476-bafe-6b07cdb8f24b,,,,,,1769169621063,a354b22d-f080-474c-b5a3-bb489c5bc46f,1769169621063,a354b22d-f080-474c-b5a3-bb489c5bc46f,,,,
11523b71-42dc-4fb8-8b83-c558d0a55d5c,2605,34cc11c5-bd8d-4edf-a8b9-a00ef49def6b,,,,,,1769396637984,5c4b1967-d7d4-4d8e-9bc3-b1526170667d,1769396637984,5c4b1967-d7d4-4d8e-9bc3-b1526170667d,,,,
4798d2ce-980e-48e8-9abc-00e3ae3912f0,2605,14f328c2-5236-47db-945b-d7d487ca345e,,,,,,1769669248528,4b55a881-d8f1-43d1-9804-95c60e98da85,1769669248528,4b55a881-d8f1-43d1-9804-95c60e98da85,,,,
1094f0d6-551b-43bc-bb1c-b01bfd0d5b6c,2605,f4ac7eb4-0247-450a-8518-f1e104a78593,,,,,,1769678348320,4b55a881-d8f1-43d1-9804-95c60e98da85,1769678348320,4b55a881-d8f1-43d1-9804-95c60e98da85,,,,
78b0dbc8-e07c-40be-8b2a-40e92eaa358b,2606,9687d8d5-7dee-4038-9a71-51ff2fbe26a1,,,,,,1770296746724,4b55a881-d8f1-43d1-9804-95c60e98da85,1770296746724,4b55a881-d8f1-43d1-9804-95c60e98da85,,,,
19d429db-6b7b-453f-a1cf-618dec743897,2612,8368ac4a-9dfa-45de-a975-c8c285b582b2,1773816503000,50,,1773987143380,4b55a881-d8f1-43d1-9804-95c60e98da85,1773733028459,4b55a881-d8f1-43d1-9804-95c60e98da85,1773987143387,4b55a881-d8f1-43d1-9804-95c60e98da85,,,1773987143387,4b55a881-d8f1-43d1-9804-95c60e98da85
fcb00be5-adab-40ce-9036-dac87dd54af1,2613,e723cab2-dda0-441b-845c-ed534a7b179f,,,,,,1774328729940,84e272f0-db0c-4eef-a8d5-56fabaaa244c,1774328729940,84e272f0-db0c-4eef-a8d5-56fabaaa244c,,,,
7d34885e-1cae-478e-8900-6cfe7a2d58d7,2613,2bba499c-cefa-4aa3-8cec-9336b9e7ffce,,,,,,1774330839352,4b55a881-d8f1-43d1-9804-95c60e98da85,1774330839352,4b55a881-d8f1-43d1-9804-95c60e98da85,,,,
8a0671fc-13ab-40ed-a327-944f240b4880,2613,63c939f7-0f66-4c2c-9779-934d27c6c2ca,,,,,,1774371082874,4b55a881-d8f1-43d1-9804-95c60e98da85,1774371082874,4b55a881-d8f1-43d1-9804-95c60e98da85,,,,
6da195e2-27ed-46cd-b6ec-cc7376dcb3b1,2612,7cb2a9d0-a7a5-4f4d-85ba-efc61a21f74d,1773989303000,55,,,,1773733074338,4b55a881-d8f1-43d1-9804-95c60e98da85,1774505745774,4b55a881-d8f1-43d1-9804-95c60e98da85,,,1774505745774,4b55a881-d8f1-43d1-9804-95c60e98da85
c4dbe797-3212-400d-bcd4-c16332a3a4e6,2613,dcaa624d-1fb9-4507-a96d-cca538de40f2,,,,,,1774532857085,19eaeba3-5061-484b-a8bb-50e04d0b9d51,1774532857085,19eaeba3-5061-484b-a8bb-50e04d0b9d51,,,,
31c3f6c5-39d1-45ea-9ada-fe1131e3e02f,2613,e9893251-3134-4610-9b9f-3fd05e0bb756,,,,,,1774533540600,19eaeba3-5061-484b-a8bb-50e04d0b9d51,1774533540600,19eaeba3-5061-484b-a8bb-50e04d0b9d51,,,,
b4b839a5-6599-4df2-bdae-6628f5f2de2a,2613,e4c0dad7-7ec0-490d-8288-58ad7a7ca566,1774576711000,67,High loading temperatures of between 3.0 to 4.0.,,,1774244355075,a06c7ce9-d2f3-46e8-b1a2-8b57f436bfe5,1774592958527,0fbacf80-7675-4545-a351-293a71a1e858,,,,
413e0cac-8140-43a9-ac27-76db2fcfbb92,2614,efd8924d-6ead-4bd6-9efd-24502f694e10,,,,,,1774861600170,d6cbdf10-0e28-4035-9ccf-109293804a9f,1774861600170,d6cbdf10-0e28-4035-9ccf-109293804a9f,,,,
193a4f7e-f356-4931-8da5-54c2d84a6741,2614,c90d534d-e74d-4d3e-8dd3-01ed8173d956,,,,,,1774861635832,d6cbdf10-0e28-4035-9ccf-109293804a9f,1774861635832,d6cbdf10-0e28-4035-9ccf-109293804a9f,,,,
beb86a73-20e7-4600-bb8f-45de5fa0871e,2614,598a5536-9468-49ad-828d-b2c9ec947b21,,,,,,1775038900008,19eaeba3-5061-484b-a8bb-50e04d0b9d51,1775038900008,19eaeba3-5061-484b-a8bb-50e04d0b9d51,,,,
795731e1-1368-48f0-8126-38d3dffc86d2,2614,3ff926ea-e5be-4f3c-93da-7adae1f1a59b,,,,,,1775039157492,19eaeba3-5061-484b-a8bb-50e04d0b9d51,1775039157492,19eaeba3-5061-484b-a8bb-50e04d0b9d51,,,,
69d195f8-96a9-4b3e-b1c7-c912debb5b6d,2615,58f18c31-5ef1-4994-a4b3-c749554fb5c9,1775804523000,90,Loading done one on 08/04/2026 and two more on 10/04/2026,,,1775548095365,d6cbdf10-0e28-4035-9ccf-109293804a9f,1775804656765,d6cbdf10-0e28-4035-9ccf-109293804a9f,,,,
52e6d2b3-cdcd-4450-a536-0229c5183009,2614,22da1d56-8a36-4e4c-9d0b-64681eecae50,1775100884000,60,,,,1774875844031,d6cbdf10-0e28-4035-9ccf-109293804a9f,1775185381458,0fbacf80-7675-4545-a351-293a71a1e858,,,,
a8bd0943-b804-4b75-bbb9-2541d127f7d1,2614,3b80080b-3efa-4e3b-842f-685dfccefb41,1775091644000,50,,,,1774858800182,d6cbdf10-0e28-4035-9ccf-109293804a9f,1775185705316,0fbacf80-7675-4545-a351-293a71a1e858,,,,
2114d529-a3ab-4759-a88a-4ee66b2e7177,2615,5b1820e1-258b-4092-ad61-bcaa75e1c77f,1775787325000,50,,,,1775554971456,a06c7ce9-d2f3-46e8-b1a2-8b57f436bfe5,1776063359433,0fbacf80-7675-4545-a351-293a71a1e858,,,,
ae2e277e-0cf5-4c07-871f-6a61c5682f7f,2616,10df373f-35d7-4b2b-8015-7714e8e09cc9,,,,,,1776101822462,5c4b1967-d7d4-4d8e-9bc3-b1526170667d,1776101822462,5c4b1967-d7d4-4d8e-9bc3-b1526170667d,,,,
7676cc43-5e25-4ce9-bd52-f78536688754,2616,a8fc4c3d-d34e-43d9-844c-62cc475277e5,,,,,,1776148839134,d6cbdf10-0e28-4035-9ccf-109293804a9f,1776148839134,d6cbdf10-0e28-4035-9ccf-109293804a9f,,,,
b8a5d94f-f533-44dc-a2fe-a6c1cce5702f,2616,e83f5afe-be0a-41b8-bd21-62564ff06e5a,,,,,,1776192675238,d6cbdf10-0e28-4035-9ccf-109293804a9f,1776192675238,d6cbdf10-0e28-4035-9ccf-109293804a9f,,,,
5cd7826d-087e-41d5-b113-c49bdfde2f16,2616,42d6a3c1-fce1-4747-82fe-81cc3f2fae9f,,,,,,1776192701030,d6cbdf10-0e28-4035-9ccf-109293804a9f,1776192701030,d6cbdf10-0e28-4035-9ccf-109293804a9f,,,,
8d658a34-661e-4745-bd22-1c218b4b2baf,2616,9d49ad6f-f1c8-4033-895a-d828b4154020,,,,,,1776192748694,d6cbdf10-0e28-4035-9ccf-109293804a9f,1776192748694,d6cbdf10-0e28-4035-9ccf-109293804a9f,,,,
7f89c6cc-dd11-4d9a-b5e4-694ca22fb8a9,2614,e866c57c-7711-47f6-97d6-8cea9fcdb44d,,75,- container temp reaing before loading was 1,,,1774861581363,d6cbdf10-0e28-4035-9ccf-109293804a9f,1775474473588,d6cbdf10-0e28-4035-9ccf-109293804a9f,,,,
61f5d1b2-0d8f-4fd7-9c5e-048e5c853393,2614,57c9578c-6718-4dff-ad5e-7a63b3db24a7,,,,,,1775547311369,d6cbdf10-0e28-4035-9ccf-109293804a9f,1775547311369,d6cbdf10-0e28-4035-9ccf-109293804a9f,,,,
8759df53-2e7b-4093-b5ec-86fa55ec9766,2615,1802ba33-38b1-4e7d-ad66-e7655ec77b00,,,,,,1775548164539,d6cbdf10-0e28-4035-9ccf-109293804a9f,1775548164539,d6cbdf10-0e28-4035-9ccf-109293804a9f,,,,
4a44345c-143c-4d11-9caa-c6b006051d49,2615,d51f6ccf-ad32-4bc9-b976-3bf82dccae4d,,,,,,1775548211896,d6cbdf10-0e28-4035-9ccf-109293804a9f,1775548211896,d6cbdf10-0e28-4035-9ccf-109293804a9f,,,,
ab2ae254-53c0-450e-95a2-beb1c63c857b,2615,4ae8697f-90ca-4077-ae35-2d4a544b814d,,,,,,1775548339437,d6cbdf10-0e28-4035-9ccf-109293804a9f,1775548339437,d6cbdf10-0e28-4035-9ccf-109293804a9f,,,,
e7e124ba-f606-4446-9626-403ff64274d9,2615,417ca3e1-a5c3-4389-9d88-a91875c23f92,,,,,,1775565796881,19eaeba3-5061-484b-a8bb-50e04d0b9d51,1775565796881,19eaeba3-5061-484b-a8bb-50e04d0b9d51,,,,
32758464-8d96-4253-b43b-baa3aa0129bd,2615,f1980be5-836f-4428-b428-cad8866b7858,,,,,,1775566011562,19eaeba3-5061-484b-a8bb-50e04d0b9d51,1775566011562,19eaeba3-5061-484b-a8bb-50e04d0b9d51,,,,
